#key,timestamp,value
0,1456160284,99
1,1456160290,99
2,1456160296,99
3,1456160302,99
4,1456160308,99
5,1456160314,99
6,1456160320,99
7,1456160326,99
8,1456160332,99
9,1456160338,99
10,1456160344,99
11,1456160350,99
12,1456160356,99
13,1456160362,99
14,1456160368,99
15,1456160374,99
16,1456160380,99
17,1456160386,99
18,1456160392,99
19,1456160398,99
20,1456160404,99
21,1456160410,99
22,1456160416,99
23,1456160422,99
24,1456160428,99
25,1456160434,99
26,1456160440,99
27,1456160446,99
28,1456160452,99
29,1456160458,99
30,1456160464,99
31,1456160470,99
32,1456160476,99
33,1456160482,99
34,1456160488,99
35,1456160494,99
36,1456160500,99
37,1456160506,99
38,1456160512,99
39,1456160518,99
40,1456160524,99
41,1456160530,99
42,1456160536,99
43,1456160542,99
44,1456160548,99
45,1456160554,99
46,1456160560,99
47,1456160566,99
48,1456160572,99
49,1456160578,99
50,1456160584,100
51,1456160590,100
52,1456160596,100
53,1456160602,100
54,1456160608,100
55,1456160614,100
56,1456160620,100
57,1456160626,100
58,1456160632,100
59,1456160638,100
60,1456160644,99
61,1456160650,99
62,1456160656,99
63,1456160662,99
64,1456160668,99
65,1456160674,99
66,1456160680,99
67,1456160686,99
68,1456160692,99
69,1456160698,99
70,1456160704,99
71,1456160710,99
72,1456160716,99
73,1456160722,99
74,1456160728,99
75,1456160734,99
76,1456160740,99
77,1456160746,99
78,1456160752,99
79,1456160758,99
80,1456160764,99
81,1456160770,99
82,1456160776,99
83,1456160782,99
84,1456160788,99
85,1456160794,99
86,1456160800,99
87,1456160806,99
88,1456160812,99
89,1456160818,99
90,1456160824,100
91,1456160830,100
92,1456160836,100
93,1456160842,100
94,1456160848,100
95,1456160854,100
96,1456160860,100
97,1456160866,100
98,1456160872,100
99,1456160878,100
100,1456160884,99
101,1456160890,99
102,1456160896,99
103,1456160902,99
104,1456160908,99
105,1456160914,99
106,1456160920,99
107,1456160926,99
108,1456160932,99
109,1456160938,99
110,1456160944,99
111,1456160950,99
112,1456160956,99
113,1456160962,99
114,1456160968,99
115,1456160974,99
116,1456160980,99
117,1456160986,99
118,1456160992,99
119,1456160998,99
120,1456161004,99
121,1456161010,99
122,1456161016,99
123,1456161022,99
124,1456161028,99
125,1456161034,99
126,1456161040,99
127,1456161046,99
128,1456161052,99
129,1456161058,99
130,1456161064,100
131,1456161070,100
132,1456161076,100
133,1456161082,100
134,1456161088,100
135,1456161094,100
136,1456161100,100
137,1456161106,100
138,1456161112,100
139,1456161118,100
140,1456161124,93
141,1456161130,93
142,1456161136,93
143,1456161142,93
144,1456161148,93
145,1456161154,93
146,1456161160,93
147,1456161166,93
148,1456161172,93
149,1456161178,93
150,1456161184,80
151,1456161190,80
152,1456161196,80
153,1456161202,80
154,1456161208,80
155,1456161214,80
156,1456161220,80
157,1456161226,80
158,1456161232,80
159,1456161238,80
160,1456161244,66
161,1456161250,66
162,1456161256,66
163,1456161262,66
164,1456161268,66
165,1456161274,66
166,1456161280,66
167,1456161286,66
168,1456161292,66
169,1456161298,66
170,1456161304,56
171,1456161310,56
172,1456161316,56
173,1456161322,56
174,1456161328,56
175,1456161334,56
176,1456161340,56
177,1456161346,56
178,1456161352,56
179,1456161358,56
180,1456161364,40
181,1456161370,40
182,1456161376,40
183,1456161382,40
184,1456161388,40
185,1456161394,40
186,1456161400,40
187,1456161406,40
188,1456161412,40
189,1456161418,40
190,1456161424,25
191,1456161430,25
192,1456161436,25
193,1456161442,25
194,1456161448,25
195,1456161454,25
196,1456161460,25
197,1456161466,25
198,1456161472,25
199,1456161478,25
200,1456161484,8
201,1456161490,8
202,1456161496,8
203,1456161502,8
204,1456161508,8
205,1456161514,8
206,1456161520,8
207,1456161526,8
208,1456161532,8
209,1456161538,8
210,1456161544,0
211,1456161550,0
212,1456161556,0
213,1456161562,0
214,1456161568,0
215,1456161574,0
216,1456161580,0
217,1456161586,0
218,1456161592,0
219,1456161598,0
220,1456161604,28
221,1456161610,28
222,1456161616,28
223,1456161622,28
224,1456161628,28
225,1456161634,28
226,1456161640,28
227,1456161646,28
228,1456161652,28
229,1456161658,28
230,1456161664,42
231,1456161670,42
232,1456161676,42
233,1456161682,42
234,1456161688,42
235,1456161694,36
236,1456161700,36
237,1456161706,36
238,1456161712,36
239,1456161718,36
240,1456161724,28
241,1456161730,28
242,1456161736,28
243,1456161742,28
244,1456161748,28
245,1456161754,20
246,1456161760,20
247,1456161766,20
248,1456161772,20
249,1456161778,20
250,1456161784,29
251,1456161790,29
252,1456161796,29
253,1456161802,29
254,1456161808,29
255,1456161814,45
256,1456161820,45
257,1456161826,45
258,1456161832,45
259,1456161838,45
260,1456161844,46
261,1456161850,46
262,1456161856,46
263,1456161862,46
264,1456161868,46
265,1456161874,45
266,1456161880,45
267,1456161886,44
268,1456161892,44
269,1456161898,44
270,1456161904,43
271,1456161910,43
272,1456161916,43
273,1456161922,43
274,1456161928,43
275,1456161934,43
276,1456161940,43
277,1456161946,43
278,1456161952,43
279,1456161958,43
280,1456161964,42
281,1456161970,42
282,1456161976,42
283,1456161982,42
284,1456161988,42
285,1456161994,39
286,1456162000,39
287,1456162006,37
288,1456162012,37
289,1456162018,37
290,1456162024,34
291,1456162030,34
292,1456162036,34
293,1456162042,34
294,1456162048,34
295,1456162054,30
296,1456162060,30
297,1456162066,23
298,1456162072,23
299,1456162078,23
300,1456162084,18
301,1456162090,18
302,1456162096,18
303,1456162102,18
304,1456162108,18
305,1456162114,16
306,1456162120,16
307,1456162126,14
308,1456162132,14
309,1456162138,14
310,1456162144,13
311,1456162150,13
312,1456162156,13
313,1456162162,13
314,1456162168,13
315,1456162174,10
316,1456162180,10
317,1456162186,15
318,1456162192,15
319,1456162198,15
320,1456162204,15
321,1456162210,15
322,1456162216,15
323,1456162222,15
324,1456162228,15
325,1456162234,23
326,1456162240,23
327,1456162246,28
328,1456162252,28
329,1456162258,28
330,1456162264,38
331,1456162270,38
332,1456162276,38
333,1456162282,38
334,1456162288,38
335,1456162294,37
336,1456162300,37
337,1456162306,34
338,1456162312,34
339,1456162318,34
340,1456162324,31
341,1456162330,31
342,1456162336,31
343,1456162342,31
344,1456162348,31
345,1456162354,28
346,1456162360,28
347,1456162366,25
348,1456162372,25
349,1456162378,25
350,1456162384,19
351,1456162390,19
352,1456162396,19
353,1456162402,19
354,1456162408,19
355,1456162414,15
356,1456162420,15
357,1456162426,11
358,1456162432,11
359,1456162438,11
360,1456162444,8
361,1456162450,8
362,1456162456,8
363,1456162462,8
364,1456162468,8
365,1456162474,9
366,1456162480,9
367,1456162486,14
368,1456162492,14
369,1456162498,14
370,1456162504,23
371,1456162510,23
372,1456162516,23
373,1456162522,23
374,1456162528,23
375,1456162534,26
376,1456162540,26
377,1456162546,26
378,1456162552,26
379,1456162558,26
380,1456162564,22
381,1456162570,22
382,1456162576,22
383,1456162582,22
384,1456162588,23
385,1456162594,21
386,1456162600,21
387,1456162606,17
388,1456162612,17
389,1456162618,17
390,1456162624,12
391,1456162630,12
392,1456162636,12
393,1456162642,12
394,1456162648,12
395,1456162654,12
396,1456162660,12
397,1456162666,14
398,1456162672,14
399,1456162678,14
400,1456162684,20
401,1456162690,20
402,1456162696,20
403,1456162702,20
404,1456162708,22
405,1456162714,26
406,1456162720,26
407,1456162726,28
408,1456162732,28
409,1456162738,28
410,1456162744,30
411,1456162750,30
412,1456162756,30
413,1456162762,30
414,1456162768,29
415,1456162774,29
416,1456162780,29
417,1456162786,29
418,1456162792,29
419,1456162798,29
420,1456162804,28
421,1456162810,28
422,1456162816,28
423,1456162822,28
424,1456162828,26
425,1456162834,24
426,1456162840,24
427,1456162846,19
428,1456162852,19
429,1456162858,19
430,1456162864,14
431,1456162870,14
432,1456162876,14
433,1456162882,14
434,1456162888,12
435,1456162894,10
436,1456162900,10
437,1456162906,9
438,1456162912,9
439,1456162918,9
440,1456162924,9
441,1456162930,9
442,1456162936,9
443,1456162942,9
444,1456162948,11
445,1456162954,11
446,1456162960,11
447,1456162966,13
448,1456162972,13
449,1456162978,13
450,1456162984,13
451,1456162990,13
452,1456162996,13
453,1456163002,13
454,1456163008,12
455,1456163014,12
456,1456163020,12
457,1456163026,12
458,1456163032,12
459,1456163038,12
460,1456163044,14
461,1456163050,14
462,1456163056,14
463,1456163062,14
464,1456163068,14
465,1456163074,14
466,1456163080,14
467,1456163086,16
468,1456163092,16
469,1456163098,16
470,1456163104,16
471,1456163110,16
472,1456163116,16
473,1456163122,16
474,1456163128,16
475,1456163134,16
476,1456163140,16
477,1456163146,16
478,1456163152,16
479,1456163158,16
480,1456163164,20
481,1456163170,20
482,1456163176,20
483,1456163182,20
484,1456163188,22
485,1456163194,25
486,1456163200,25
487,1456163206,30
488,1456163212,30
489,1456163218,30
490,1456163224,37
491,1456163230,37
492,1456163236,37
493,1456163242,37
494,1456163248,39
495,1456163254,42
496,1456163260,42
497,1456163266,45
498,1456163272,45
499,1456163278,45
500,1456163284,48
501,1456163290,48
502,1456163296,48
503,1456163302,48
504,1456163308,48
505,1456163314,49
506,1456163320,49
507,1456163326,50
508,1456163332,50
509,1456163338,50
510,1456163344,52
511,1456163350,52
512,1456163356,52
513,1456163362,52
514,1456163368,54
515,1456163374,55
516,1456163380,55
517,1456163386,56
518,1456163392,56
519,1456163398,56
520,1456163404,58
521,1456163410,58
522,1456163416,58
523,1456163422,58
524,1456163428,59
525,1456163434,60
526,1456163440,60
527,1456163446,60
528,1456163452,60
529,1456163458,60
530,1456163464,60
531,1456163470,60
532,1456163476,60
533,1456163482,60
534,1456163488,61
535,1456163494,61
536,1456163500,61
537,1456163506,61
538,1456163512,61
539,1456163518,61
540,1456163524,54
541,1456163530,54
542,1456163536,54
543,1456163542,54
544,1456163548,55
545,1456163554,55
546,1456163560,55
547,1456163566,56
548,1456163572,56
549,1456163578,56
550,1456163584,64
551,1456163590,64
552,1456163596,64
553,1456163602,64
554,1456163608,64
555,1456163614,64
556,1456163620,64
557,1456163626,64
558,1456163632,64
559,1456163638,64
560,1456163644,65
561,1456163650,65
562,1456163656,65
563,1456163662,65
564,1456163668,66
565,1456163674,67
566,1456163680,67
567,1456163686,58
568,1456163692,58
569,1456163698,58
570,1456163704,59
571,1456163710,59
572,1456163716,59
573,1456163722,59
574,1456163728,60
575,1456163734,60
576,1456163740,60
577,1456163746,70
578,1456163752,70
579,1456163758,70
580,1456163764,70
581,1456163770,70
582,1456163776,70
583,1456163782,70
584,1456163788,71
585,1456163794,71
586,1456163800,71
587,1456163806,71
588,1456163812,71
589,1456163818,71
590,1456163824,72
591,1456163830,72
592,1456163836,72
593,1456163842,72
594,1456163848,73
595,1456163854,74
596,1456163860,74
597,1456163866,61
598,1456163872,61
599,1456163878,61
600,1456163884,62
601,1456163890,62
602,1456163896,62
603,1456163902,62
604,1456163908,63
605,1456163914,63
606,1456163920,63
607,1456163926,76
608,1456163932,76
609,1456163938,76
610,1456163944,76
611,1456163950,76
612,1456163956,76
613,1456163962,76
614,1456163968,75
615,1456163974,75
616,1456163980,75
617,1456163986,75
618,1456163992,75
619,1456163998,75
620,1456164004,75
621,1456164010,75
622,1456164016,75
623,1456164022,75
624,1456164028,61
625,1456164034,61
626,1456164040,61
627,1456164046,61
628,1456164052,61
629,1456164058,61
630,1456164064,62
631,1456164070,62
632,1456164076,62
633,1456164082,62
634,1456164088,78
635,1456164094,78
636,1456164100,78
637,1456164106,78
638,1456164112,78
639,1456164118,78
640,1456164124,79
641,1456164130,79
642,1456164136,79
643,1456164142,79
644,1456164148,79
645,1456164154,80
646,1456164160,80
647,1456164166,80
648,1456164172,80
649,1456164178,80
650,1456164184,82
651,1456164190,82
652,1456164196,82
653,1456164202,82
654,1456164208,83
655,1456164214,84
656,1456164220,84
657,1456164226,84
658,1456164232,84
659,1456164238,85
660,1456164244,65
661,1456164250,65
662,1456164256,65
663,1456164262,65
664,1456164268,66
665,1456164274,66
666,1456164280,66
667,1456164286,66
668,1456164292,66
669,1456164298,66
670,1456164304,66
671,1456164310,88
672,1456164316,88
673,1456164322,88
674,1456164328,88
675,1456164334,88
676,1456164340,88
677,1456164346,88
678,1456164352,88
679,1456164358,89
680,1456164364,89
681,1456164370,89
682,1456164376,89
683,1456164382,89
684,1456164388,91
685,1456164394,92
686,1456164400,92
687,1456164406,92
688,1456164412,92
689,1456164418,62
690,1456164424,62
691,1456164430,62
692,1456164436,62
693,1456164442,62
694,1456164448,63
695,1456164454,65
696,1456164460,65
697,1456164466,65
698,1456164472,65
699,1456164478,65
700,1456164484,97
701,1456164490,97
702,1456164496,97
703,1456164502,97
704,1456164508,98
705,1456164514,98
706,1456164520,98
707,1456164526,98
708,1456164532,98
709,1456164538,98
710,1456164544,98
711,1456164550,98
712,1456164556,98
713,1456164562,98
714,1456164568,97
715,1456164574,48
716,1456164580,48
717,1456164586,48
718,1456164592,48
719,1456164598,48
720,1456164604,48
721,1456164610,48
722,1456164616,48
723,1456164622,48
724,1456164628,46
725,1456164634,92
726,1456164640,92
727,1456164646,92
728,1456164652,92
729,1456164658,92
730,1456164664,92
731,1456164670,92
732,1456164676,92
733,1456164682,92
734,1456164688,83
735,1456164694,83
736,1456164700,83
737,1456164706,83
738,1456164712,83
739,1456164718,83
740,1456164724,83
741,1456164730,83
742,1456164736,83
743,1456164742,83
744,1456164748,66
745,1456164754,66
746,1456164760,66
747,1456164766,66
748,1456164772,66
749,1456164778,66
750,1456164784,66
751,1456164790,66
752,1456164796,66
753,1456164802,66
754,1456164808,55
755,1456164814,55
756,1456164820,55
757,1456164826,55
758,1456164832,55
759,1456164838,55
760,1456164844,55
761,1456164850,55
762,1456164856,55
763,1456164862,55
764,1456164868,40
765,1456164874,40
766,1456164880,40
767,1456164886,40
768,1456164892,40
769,1456164898,40
770,1456164904,40
771,1456164910,40
772,1456164916,40
773,1456164922,40
774,1456164928,23
775,1456164934,23
776,1456164940,23
777,1456164946,23
778,1456164952,23
779,1456164958,23
780,1456164964,23
781,1456164970,23
782,1456164976,23
783,1456164982,23
784,1456164988,10
785,1456164994,10
786,1456165000,10
787,1456165006,10
788,1456165012,10
789,1456165018,10
790,1456165024,10
791,1456165030,10
792,1456165036,10
793,1456165042,10
794,1456165048,5
795,1456165054,5
796,1456165060,5
797,1456165066,5
798,1456165072,5
799,1456165078,5
800,1456165084,5
801,1456165090,5
802,1456165096,5
803,1456165102,5
804,1456165108,48
805,1456165114,48
806,1456165120,48
807,1456165126,48
808,1456165132,48
809,1456165138,48
810,1456165144,48
811,1456165150,48
812,1456165156,48
813,1456165162,48
814,1456165168,39
815,1456165174,43
816,1456165180,43
817,1456165186,43
818,1456165192,43
819,1456165198,43
820,1456165204,43
821,1456165210,43
822,1456165216,43
823,1456165222,43
824,1456165228,35
825,1456165234,32
826,1456165240,32
827,1456165246,32
828,1456165252,32
829,1456165258,32
830,1456165264,32
831,1456165270,32
832,1456165276,32
833,1456165282,32
834,1456165288,42
835,1456165294,49
836,1456165300,49
837,1456165306,49
838,1456165312,49
839,1456165318,49
840,1456165324,49
841,1456165330,49
842,1456165336,49
843,1456165342,49
844,1456165348,45
845,1456165354,41
846,1456165360,42
847,1456165366,42
848,1456165372,42
849,1456165378,42
850,1456165384,42
851,1456165390,42
852,1456165396,42
853,1456165402,42
854,1456165408,40
855,1456165414,39
856,1456165420,37
857,1456165426,37
858,1456165432,37
859,1456165438,37
860,1456165444,37
861,1456165450,37
862,1456165456,37
863,1456165462,37
864,1456165468,36
865,1456165474,35
866,1456165480,33
867,1456165486,33
868,1456165492,33
869,1456165498,33
870,1456165504,33
871,1456165510,33
872,1456165516,33
873,1456165522,33
874,1456165528,29
875,1456165534,28
876,1456165540,28
877,1456165546,28
878,1456165552,28
879,1456165558,28
880,1456165564,28
881,1456165570,28
882,1456165576,28
883,1456165582,28
884,1456165588,37
885,1456165594,42
886,1456165600,46
887,1456165606,46
888,1456165612,46
889,1456165618,46
890,1456165624,46
891,1456165630,46
892,1456165636,46
893,1456165642,46
894,1456165648,43
895,1456165654,41
896,1456165660,38
897,1456165666,38
898,1456165672,38
899,1456165678,38
900,1456165684,38
901,1456165690,38
902,1456165696,38
903,1456165702,38
904,1456165708,34
905,1456165714,32
906,1456165720,29
907,1456165726,29
908,1456165732,26
909,1456165738,26
910,1456165744,26
911,1456165750,26
912,1456165756,26
913,1456165762,26
914,1456165768,23
915,1456165774,21
916,1456165780,17
917,1456165786,17
918,1456165792,15
919,1456165798,15
920,1456165804,15
921,1456165810,15
922,1456165816,15
923,1456165822,15
924,1456165828,13
925,1456165834,12
926,1456165840,11
927,1456165846,11
928,1456165852,11
929,1456165858,11
930,1456165864,11
931,1456165870,11
932,1456165876,11
933,1456165882,11
934,1456165888,12
935,1456165894,12
936,1456165900,16
937,1456165906,16
938,1456165912,19
939,1456165918,19
940,1456165924,19
941,1456165930,19
942,1456165936,19
943,1456165942,19
944,1456165948,19
945,1456165954,18
946,1456165960,16
947,1456165966,16
948,1456165972,13
949,1456165978,11
950,1456165984,11
951,1456165990,11
952,1456165996,11
953,1456166002,11
954,1456166008,10
955,1456166014,9
956,1456166020,7
957,1456166026,7
958,1456166032,6
959,1456166038,7
960,1456166044,7
961,1456166050,7
962,1456166056,7
963,1456166062,7
964,1456166068,7
965,1456166074,7
966,1456166080,5
967,1456166086,5
968,1456166092,4
969,1456166098,3
970,1456166104,3
971,1456166110,3
972,1456166116,3
973,1456166122,3
974,1456166128,2
975,1456166134,2
976,1456166140,2
977,1456166146,2
978,1456166152,2
979,1456166158,2
980,1456166164,2
981,1456166170,2
982,1456166176,2
983,1456166182,2
984,1456166188,2
985,1456166194,3
986,1456166200,4
987,1456166206,4
988,1456166212,5
989,1456166218,7
990,1456166224,7
991,1456166230,7
992,1456166236,7
993,1456166242,7
994,1456166248,7
995,1456166254,7
996,1456166260,6
997,1456166266,6
998,1456166272,6
999,1456166278,5
1000,1456166284,5
1001,1456166290,5
1002,1456166296,5
1003,1456166302,5
1004,1456166308,5
1005,1456166314,5
1006,1456166320,6
1007,1456166326,6
1008,1456166332,5
1009,1456166338,5
1010,1456166344,5
1011,1456166350,5
1012,1456166356,5
1013,1456166362,5
1014,1456166368,6
1015,1456166374,6
1016,1456166380,5
1017,1456166386,5
1018,1456166392,6
1019,1456166398,5
1020,1456166404,5
1021,1456166410,5
1022,1456166416,5
1023,1456166422,5
1024,1456166428,5
1025,1456166434,5
1026,1456166440,5
1027,1456166446,5
1028,1456166452,5
1029,1456166458,5
1030,1456166464,5
1031,1456166470,5
1032,1456166476,5
1033,1456166482,5
1034,1456166488,6
1035,1456166494,6
1036,1456166500,7
1037,1456166506,7
1038,1456166512,8
1039,1456166518,7
1040,1456166524,7
1041,1456166530,7
1042,1456166536,7
1043,1456166542,7
1044,1456166548,7
1045,1456166554,6
1046,1456166560,7
1047,1456166566,7
1048,1456166572,7
1049,1456166578,7
1050,1456166584,7
1051,1456166590,7
1052,1456166596,7
1053,1456166602,7
1054,1456166608,7
1055,1456166614,7
1056,1456166620,7
1057,1456166626,7
1058,1456166632,7
1059,1456166638,7
1060,1456166644,7
1061,1456166650,7
1062,1456166656,7
1063,1456166662,7
1064,1456166668,8
1065,1456166674,7
1066,1456166680,6
1067,1456166686,6
1068,1456166692,5
1069,1456166698,4
1070,1456166704,4
1071,1456166710,4
1072,1456166716,4
1073,1456166722,4
1074,1456166728,2
1075,1456166734,2
1076,1456166740,4
1077,1456166746,4
1078,1456166752,6
1079,1456166758,9
1080,1456166764,9
1081,1456166770,9
1082,1456166776,9
1083,1456166782,9
1084,1456166788,12
1085,1456166794,13
1086,1456166800,10
1087,1456166806,10
1088,1456166812,9
1089,1456166818,7
1090,1456166824,7
1091,1456166830,7
1092,1456166836,7
1093,1456166842,7
1094,1456166848,5
1095,1456166854,5
1096,1456166860,6
1097,1456166866,6
1098,1456166872,5
1099,1456166878,5
1100,1456166884,5
1101,1456166890,5
1102,1456166896,5
1103,1456166902,5
1104,1456166908,5
1105,1456166914,4
1106,1456166920,3
1107,1456166926,3
1108,1456166932,5
1109,1456166938,5
1110,1456166944,5
1111,1456166950,5
1112,1456166956,5
1113,1456166962,5
1114,1456166968,5
1115,1456166974,6
1116,1456166980,6
1117,1456166986,6
1118,1456166992,6
1119,1456166998,7
1120,1456167004,7
1121,1456167010,7
1122,1456167016,7
1123,1456167022,7
1124,1456167028,7
1125,1456167034,7
1126,1456167040,7
1127,1456167046,7
1128,1456167052,6
1129,1456167058,6
1130,1456167064,6
1131,1456167070,6
1132,1456167076,6
1133,1456167082,6
1134,1456167088,6
1135,1456167094,6
1136,1456167100,6
1137,1456167106,6
1138,1456167112,6
1139,1456167118,6
1140,1456167124,6
1141,1456167130,6
1142,1456167136,6
1143,1456167142,6
1144,1456167148,7
1145,1456167154,7
1146,1456167160,6
1147,1456167166,6
1148,1456167172,7
1149,1456167178,7
1150,1456167184,7
1151,1456167190,7
1152,1456167196,7
1153,1456167202,7
1154,1456167208,7
1155,1456167214,7
1156,1456167220,8
1157,1456167226,8
1158,1456167232,9
1159,1456167238,11
1160,1456167244,11
1161,1456167250,11
1162,1456167256,11
1163,1456167262,11
1164,1456167268,14
1165,1456167274,16
1166,1456167280,20
1167,1456167286,20
1168,1456167292,22
1169,1456167298,25
1170,1456167304,25
1171,1456167310,25
1172,1456167316,25
1173,1456167322,25
1174,1456167328,29
1175,1456167334,30
1176,1456167340,33
1177,1456167346,33
1178,1456167352,34
1179,1456167358,36
1180,1456167364,36
1181,1456167370,36
1182,1456167376,36
1183,1456167382,36
1184,1456167388,38
1185,1456167394,38
1186,1456167400,40
1187,1456167406,40
1188,1456167412,41
1189,1456167418,43
1190,1456167424,43
1191,1456167430,43
1192,1456167436,43
1193,1456167442,43
1194,1456167448,45
1195,1456167454,46
1196,1456167460,48
1197,1456167466,48
1198,1456167472,49
1199,1456167478,50
1200,1456167484,50
1201,1456167490,50
1202,1456167496,50
1203,1456167502,50
1204,1456167508,51
1205,1456167514,51
1206,1456167520,52
1207,1456167526,52
1208,1456167532,52
1209,1456167538,52
1210,1456167544,52
1211,1456167550,52
1212,1456167556,52
1213,1456167562,52
1214,1456167568,53
1215,1456167574,53
1216,1456167580,54
1217,1456167586,54
1218,1456167592,54
1219,1456167598,55
1220,1456167604,55
1221,1456167610,55
1222,1456167616,55
1223,1456167622,55
1224,1456167628,56
1225,1456167634,56
1226,1456167640,57
1227,1456167646,57
1228,1456167652,58
1229,1456167658,59
1230,1456167664,59
1231,1456167670,59
1232,1456167676,59
1233,1456167682,59
1234,1456167688,60
1235,1456167694,60
1236,1456167700,61
1237,1456167706,61
1238,1456167712,61
1239,1456167718,62
1240,1456167724,62
1241,1456167730,62
1242,1456167736,62
1243,1456167742,62
1244,1456167748,55
1245,1456167754,55
1246,1456167760,56
1247,1456167766,56
1248,1456167772,57
1249,1456167778,58
1250,1456167784,58
1251,1456167790,58
1252,1456167796,58
1253,1456167802,58
1254,1456167808,66
1255,1456167814,66
1256,1456167820,67
1257,1456167826,67
1258,1456167832,67
1259,1456167838,67
1260,1456167844,67
1261,1456167850,67
1262,1456167856,67
1263,1456167862,67
1264,1456167868,68
1265,1456167874,68
1266,1456167880,69
1267,1456167886,69
1268,1456167892,59
1269,1456167898,60
1270,1456167904,60
1271,1456167910,60
1272,1456167916,60
1273,1456167922,60
1274,1456167928,61
1275,1456167934,61
1276,1456167940,62
1277,1456167946,62
1278,1456167952,73
1279,1456167958,74
1280,1456167964,74
1281,1456167970,74
1282,1456167976,74
1283,1456167982,74
1284,1456167988,74
1285,1456167994,74
1286,1456168000,73
1287,1456168006,73
1288,1456168012,73
1289,1456168018,73
1290,1456168024,73
1291,1456168030,73
1292,1456168036,73
1293,1456168042,73
1294,1456168048,73
1295,1456168054,72
1296,1456168060,60
1297,1456168066,60
1298,1456168072,60
1299,1456168078,61
1300,1456168084,61
1301,1456168090,61
1302,1456168096,61
1303,1456168102,61
1304,1456168108,62
1305,1456168114,62
1306,1456168120,63
1307,1456168126,75
1308,1456168132,75
1309,1456168138,76
1310,1456168144,76
1311,1456168150,76
1312,1456168156,76
1313,1456168162,76
1314,1456168168,76
1315,1456168174,76
1316,1456168180,76
1317,1456168186,76
1318,1456168192,76
1319,1456168198,76
1320,1456168204,76
1321,1456168210,76
1322,1456168216,76
1323,1456168222,76
1324,1456168228,76
1325,1456168234,77
1326,1456168240,78
1327,1456168246,78
1328,1456168252,78
1329,1456168258,79
1330,1456168264,79
1331,1456168270,79
1332,1456168276,79
1333,1456168282,79
1334,1456168288,64
1335,1456168294,64
1336,1456168300,65
1337,1456168306,65
1338,1456168312,65
1339,1456168318,66
1340,1456168324,66
1341,1456168330,66
1342,1456168336,66
1343,1456168342,66
1344,1456168348,82
1345,1456168354,82
1346,1456168360,82
1347,1456168366,82
1348,1456168372,82
1349,1456168378,82
1350,1456168384,82
1351,1456168390,82
1352,1456168396,82
1353,1456168402,82
1354,1456168408,82
1355,1456168414,82
1356,1456168420,83
1357,1456168426,83
1358,1456168432,83
1359,1456168438,63
1360,1456168444,63
1361,1456168450,63
1362,1456168456,63
1363,1456168462,63
1364,1456168468,63
1365,1456168474,63
1366,1456168480,62
1367,1456168486,62
1368,1456168492,62
1369,1456168498,82
1370,1456168504,82
1371,1456168510,82
1372,1456168516,82
1373,1456168522,82
1374,1456168528,82
1375,1456168534,80
1376,1456168540,76
1377,1456168546,76
1378,1456168552,76
1379,1456168558,73
1380,1456168564,73
1381,1456168570,73
1382,1456168576,73
1383,1456168582,73
1384,1456168588,73
1385,1456168594,70
1386,1456168600,67
1387,1456168606,67
1388,1456168612,67
1389,1456168618,43
1390,1456168624,43
1391,1456168630,43
1392,1456168636,43
1393,1456168642,43
1394,1456168648,43
1395,1456168654,41
1396,1456168660,39
1397,1456168666,39
1398,1456168672,39
1399,1456168678,39
1400,1456168684,59
1401,1456168690,59
1402,1456168696,59
1403,1456168702,59
1404,1456168708,59
1405,1456168714,43
1406,1456168720,25
1407,1456168726,25
1408,1456168732,25
1409,1456168738,25
1410,1456168744,25
1411,1456168750,25
1412,1456168756,25
1413,1456168762,25
1414,1456168768,25
1415,1456168774,19
1416,1456168780,14
1417,1456168786,14
1418,1456168792,14
1419,1456168798,14
1420,1456168804,14
1421,1456168810,14
1422,1456168816,14
1423,1456168822,14
1424,1456168828,14
1425,1456168834,10
1426,1456168840,7
1427,1456168846,7
1428,1456168852,7
1429,1456168858,7
1430,1456168864,7
1431,1456168870,7
1432,1456168876,7
1433,1456168882,7
1434,1456168888,7
1435,1456168894,2
1436,1456168900,0
1437,1456168906,0
1438,1456168912,0
1439,1456168918,0
1440,1456168924,0
1441,1456168930,0
1442,1456168936,0
1443,1456168942,0
1444,1456168948,0
1445,1456168954,10
1446,1456168960,10
1447,1456168966,10
1448,1456168972,10
1449,1456168978,10
1450,1456168984,10
1451,1456168990,10
1452,1456168996,10
1453,1456169002,10
1454,1456169008,10
1455,1456169014,10
1456,1456169020,13
1457,1456169026,13
1458,1456169032,13
1459,1456169038,13
1460,1456169044,13
1461,1456169050,18
1462,1456169056,18
1463,1456169062,18
1464,1456169068,18
1465,1456169074,11
1466,1456169080,9
1467,1456169086,9
1468,1456169092,9
1469,1456169098,9
1470,1456169104,9
1471,1456169110,13
1472,1456169116,13
1473,1456169122,13
1474,1456169128,13
1475,1456169134,20
1476,1456169140,25
1477,1456169146,25
1478,1456169152,25
1479,1456169158,25
1480,1456169164,25
1481,1456169170,27
1482,1456169176,27
1483,1456169182,27
1484,1456169188,27
1485,1456169194,30
1486,1456169200,33
1487,1456169206,33
1488,1456169212,33
1489,1456169218,33
1490,1456169224,33
1491,1456169230,33
1492,1456169236,33
1493,1456169242,35
1494,1456169248,35
1495,1456169254,34
1496,1456169260,33
1497,1456169266,33
1498,1456169272,33
1499,1456169278,33
1500,1456169284,33
1501,1456169290,31
1502,1456169296,31
1503,1456169302,28
1504,1456169308,28
1505,1456169314,24
1506,1456169320,19
1507,1456169326,19
1508,1456169332,19
1509,1456169338,19
1510,1456169344,19
1511,1456169350,18
1512,1456169356,18
1513,1456169362,19
1514,1456169368,19
1515,1456169374,18
1516,1456169380,19
1517,1456169386,19
1518,1456169392,19
1519,1456169398,19
1520,1456169404,19
1521,1456169410,21
1522,1456169416,21
1523,1456169422,23
1524,1456169428,23
1525,1456169434,27
1526,1456169440,30
1527,1456169446,30
1528,1456169452,30
1529,1456169458,30
1530,1456169464,30
1531,1456169470,28
1532,1456169476,28
1533,1456169482,28
1534,1456169488,29
1535,1456169494,26
1536,1456169500,24
1537,1456169506,24
1538,1456169512,24
1539,1456169518,24
1540,1456169524,24
1541,1456169530,22
1542,1456169536,22
1543,1456169542,20
1544,1456169548,18
1545,1456169554,17
1546,1456169560,16
1547,1456169566,16
1548,1456169572,16
1549,1456169578,16
1550,1456169584,16
1551,1456169590,14
1552,1456169596,14
1553,1456169602,14
1554,1456169608,13
1555,1456169614,12
1556,1456169620,12
1557,1456169626,12
1558,1456169632,12
1559,1456169638,12
1560,1456169644,12
1561,1456169650,13
1562,1456169656,13
1563,1456169662,14
1564,1456169668,16
1565,1456169674,18
1566,1456169680,20
1567,1456169686,20
1568,1456169692,20
1569,1456169698,20
1570,1456169704,20
1571,1456169710,21
1572,1456169716,21
1573,1456169722,21
1574,1456169728,21
1575,1456169734,21
1576,1456169740,21
1577,1456169746,21
1578,1456169752,21
1579,1456169758,21
1580,1456169764,22
1581,1456169770,22
1582,1456169776,22
1583,1456169782,22
1584,1456169788,22
1585,1456169794,22
1586,1456169800,22
1587,1456169806,22
1588,1456169812,22
1589,1456169818,22
1590,1456169824,20
1591,1456169830,18
1592,1456169836,18
1593,1456169842,16
1594,1456169848,14
1595,1456169854,13
1596,1456169860,11
1597,1456169866,11
1598,1456169872,11
1599,1456169878,11
1600,1456169884,9
1601,1456169890,9
1602,1456169896,9
1603,1456169902,9
1604,1456169908,11
1605,1456169914,11
1606,1456169920,11
1607,1456169926,11
1608,1456169932,11
1609,1456169938,11
1610,1456169944,14
1611,1456169950,15
1612,1456169956,15
1613,1456169962,15
1614,1456169968,14
1615,1456169974,15
1616,1456169980,15
1617,1456169986,15
1618,1456169992,15
1619,1456169998,15
1620,1456170004,12
1621,1456170010,12
1622,1456170016,12
1623,1456170022,11
1624,1456170028,12
1625,1456170034,11
1626,1456170040,12
1627,1456170046,12
1628,1456170052,12
1629,1456170058,12
1630,1456170064,12
1631,1456170070,12
1632,1456170076,12
1633,1456170082,12
1634,1456170088,12
1635,1456170094,12
1636,1456170100,12
1637,1456170106,12
1638,1456170112,12
1639,1456170118,12
1640,1456170124,13
1641,1456170130,12
1642,1456170136,12
1643,1456170142,10
1644,1456170148,6
1645,1456170154,6
1646,1456170160,6
1647,1456170166,6
1648,1456170172,6
1649,1456170178,6
1650,1456170184,6
1651,1456170190,6
1652,1456170196,6
1653,1456170202,6
1654,1456170208,6
1655,1456170214,6
1656,1456170220,5
1657,1456170226,5
1658,1456170232,5
1659,1456170238,5
1660,1456170244,4
1661,1456170250,4
1662,1456170256,4
1663,1456170262,4
1664,1456170268,4
1665,1456170274,6
1666,1456170280,6
1667,1456170286,6
1668,1456170292,6
1669,1456170298,6
1670,1456170304,5
1671,1456170310,4
1672,1456170316,4
1673,1456170322,4
1674,1456170328,5
1675,1456170334,5
1676,1456170340,5
1677,1456170346,5
1678,1456170352,5
1679,1456170358,5
1680,1456170364,5
1681,1456170370,7
1682,1456170376,7
1683,1456170382,7
1684,1456170388,8
1685,1456170394,9
1686,1456170400,9
1687,1456170406,9
1688,1456170412,9
1689,1456170418,9
1690,1456170424,8
1691,1456170430,8
1692,1456170436,8
1693,1456170442,8
1694,1456170448,8
1695,1456170454,8
1696,1456170460,8
1697,1456170466,8
1698,1456170472,8
1699,1456170478,8
1700,1456170484,7
1701,1456170490,7
1702,1456170496,7
1703,1456170502,7
1704,1456170508,7
1705,1456170514,8
1706,1456170520,8
1707,1456170526,8
1708,1456170532,8
1709,1456170538,8
1710,1456170544,10
1711,1456170550,8
1712,1456170556,8
1713,1456170562,8
1714,1456170568,8
1715,1456170574,8
1716,1456170580,9
1717,1456170586,9
1718,1456170592,9
1719,1456170598,9
1720,1456170604,11
1721,1456170610,17
1722,1456170616,17
1723,1456170622,17
1724,1456170628,20
1725,1456170634,23
1726,1456170640,25
1727,1456170646,25
1728,1456170652,25
1729,1456170658,25
1730,1456170664,25
1731,1456170670,27
1732,1456170676,27
1733,1456170682,27
1734,1456170688,29
1735,1456170694,31
1736,1456170700,32
1737,1456170706,32
1738,1456170712,32
1739,1456170718,32
1740,1456170724,32
1741,1456170730,33
1742,1456170736,33
1743,1456170742,33
1744,1456170748,33
1745,1456170754,34
1746,1456170760,34
1747,1456170766,34
1748,1456170772,34
1749,1456170778,34
1750,1456170784,35
1751,1456170790,36
1752,1456170796,36
1753,1456170802,36
1754,1456170808,38
1755,1456170814,40
1756,1456170820,41
1757,1456170826,41
1758,1456170832,41
1759,1456170838,41
1760,1456170844,41
1761,1456170850,43
1762,1456170856,43
1763,1456170862,43
1764,1456170868,44
1765,1456170874,46
1766,1456170880,46
1767,1456170886,46
1768,1456170892,46
1769,1456170898,46
1770,1456170904,47
1771,1456170910,48
1772,1456170916,48
1773,1456170922,48
1774,1456170928,48
1775,1456170934,49
1776,1456170940,50
1777,1456170946,50
1778,1456170952,50
1779,1456170958,50
1780,1456170964,50
1781,1456170970,52
1782,1456170976,52
1783,1456170982,52
1784,1456170988,53
1785,1456170994,54
1786,1456171000,55
1787,1456171006,55
1788,1456171012,55
1789,1456171018,55
1790,1456171024,56
1791,1456171030,56
1792,1456171036,56
1793,1456171042,56
1794,1456171048,57
1795,1456171054,58
1796,1456171060,59
1797,1456171066,59
1798,1456171072,59
1799,1456171078,59
1800,1456171084,59
1801,1456171090,60
1802,1456171096,60
1803,1456171102,60
1804,1456171108,53
1805,1456171114,53
1806,1456171120,54
1807,1456171126,54
1808,1456171132,54
1809,1456171138,54
1810,1456171144,54
1811,1456171150,54
1812,1456171156,54
1813,1456171162,54
1814,1456171168,63
1815,1456171174,65
1816,1456171180,66
1817,1456171186,66
1818,1456171192,66
1819,1456171198,66
1820,1456171204,66
1821,1456171210,67
1822,1456171216,67
1823,1456171222,67
1824,1456171228,67
1825,1456171234,65
1826,1456171240,65
1827,1456171246,65
1828,1456171252,65
1829,1456171258,65
1830,1456171264,64
1831,1456171270,63
1832,1456171276,63
1833,1456171282,63
1834,1456171288,54
1835,1456171294,55
1836,1456171300,56
1837,1456171306,56
1838,1456171312,56
1839,1456171318,56
1840,1456171324,56
1841,1456171330,58
1842,1456171336,58
1843,1456171342,58
1844,1456171348,67
1845,1456171354,68
1846,1456171360,69
1847,1456171366,69
1848,1456171372,69
1849,1456171378,69
1850,1456171384,69
1851,1456171390,68
1852,1456171396,68
1853,1456171402,68
1854,1456171408,68
1855,1456171414,68
1856,1456171420,68
1857,1456171426,68
1858,1456171432,68
1859,1456171438,68
1860,1456171444,69
1861,1456171450,69
1862,1456171456,69
1863,1456171462,69
1864,1456171468,69
1865,1456171474,70
1866,1456171480,58
1867,1456171486,58
1868,1456171492,58
1869,1456171498,58
1870,1456171504,59
1871,1456171510,60
1872,1456171516,60
1873,1456171522,60
1874,1456171528,60
1875,1456171534,61
1876,1456171540,73
1877,1456171546,73
1878,1456171552,73
1879,1456171558,73
1880,1456171564,73
1881,1456171570,73
1882,1456171576,73
1883,1456171582,73
1884,1456171588,73
1885,1456171594,74
1886,1456171600,74
1887,1456171606,74
1888,1456171612,74
1889,1456171618,74
1890,1456171624,75
1891,1456171630,61
1892,1456171636,61
1893,1456171642,61
1894,1456171648,61
1895,1456171654,62
1896,1456171660,62
1897,1456171666,62
1898,1456171672,62
1899,1456171678,62
1900,1456171684,63
1901,1456171690,80
1902,1456171696,80
1903,1456171702,80
1904,1456171708,80
1905,1456171714,81
1906,1456171720,81
1907,1456171726,81
1908,1456171732,81
1909,1456171738,81
1910,1456171744,81
1911,1456171750,81
1912,1456171756,81
1913,1456171762,81
1914,1456171768,81
1915,1456171774,83
1916,1456171780,83
1917,1456171786,83
1918,1456171792,83
1919,1456171798,83
1920,1456171804,62
1921,1456171810,62
1922,1456171816,62
1923,1456171822,62
1924,1456171828,62
1925,1456171834,63
1926,1456171840,63
1927,1456171846,63
1928,1456171852,63
1929,1456171858,63
1930,1456171864,84
1931,1456171870,85
1932,1456171876,85
1933,1456171882,85
1934,1456171888,85
1935,1456171894,87
1936,1456171900,87
1937,1456171906,87
1938,1456171912,87
1939,1456171918,87
1940,1456171924,87
1941,1456171930,87
1942,1456171936,87
1943,1456171942,87
1944,1456171948,87
1945,1456171954,88
1946,1456171960,88
1947,1456171966,88
1948,1456171972,88
1949,1456171978,88
1950,1456171984,88
1951,1456171990,89
1952,1456171996,89
1953,1456172002,89
1954,1456172008,89
1955,1456172014,61
1956,1456172020,61
1957,1456172026,61
1958,1456172032,61
1959,1456172038,61
1960,1456172044,61
1961,1456172050,63
1962,1456172056,63
1963,1456172062,63
1964,1456172068,63
1965,1456172074,98
1966,1456172080,98
1967,1456172086,98
1968,1456172092,98
1969,1456172098,98
1970,1456172104,98
1971,1456172110,96
1972,1456172116,96
1973,1456172122,96
1974,1456172128,94
1975,1456172134,94
1976,1456172140,94
1977,1456172146,94
1978,1456172152,94
1979,1456172158,94
1980,1456172164,94
1981,1456172170,47
1982,1456172176,47
1983,1456172182,47
1984,1456172188,48
1985,1456172194,48
1986,1456172200,48
1987,1456172206,48
1988,1456172212,48
1989,1456172218,48
1990,1456172224,48
1991,1456172230,48
1992,1456172236,97
1993,1456172242,97
1994,1456172248,89
1995,1456172254,89
1996,1456172260,89
1997,1456172266,89
1998,1456172272,89
1999,1456172278,89
2000,1456172284,89
2001,1456172290,89
2002,1456172296,89
2003,1456172302,89
2004,1456172308,70
2005,1456172314,70
2006,1456172320,70
2007,1456172326,70
2008,1456172332,70
2009,1456172338,70
2010,1456172344,70
2011,1456172350,70
2012,1456172356,70
2013,1456172362,70
2014,1456172368,52
2015,1456172374,52
2016,1456172380,52
2017,1456172386,52
2018,1456172392,52
2019,1456172398,52
2020,1456172404,52
2021,1456172410,52
2022,1456172416,52
2023,1456172422,52
2024,1456172428,40
2025,1456172434,40
2026,1456172440,40
2027,1456172446,40
2028,1456172452,40
2029,1456172458,40
2030,1456172464,40
2031,1456172470,40
2032,1456172476,40
2033,1456172482,40
2034,1456172488,19
2035,1456172494,19
2036,1456172500,19
2037,1456172506,19
2038,1456172512,19
2039,1456172518,19
2040,1456172524,19
2041,1456172530,19
2042,1456172536,19
2043,1456172542,19
2044,1456172548,6
2045,1456172554,6
2046,1456172560,6
2047,1456172566,6
2048,1456172572,6
2049,1456172578,6
2050,1456172584,6
2051,1456172590,6
2052,1456172596,6
2053,1456172602,6
2054,1456172608,6
2055,1456172614,6
2056,1456172620,6
2057,1456172626,6
2058,1456172632,6
2059,1456172638,6
2060,1456172644,6
2061,1456172650,6
2062,1456172656,6
2063,1456172662,6
2064,1456172668,50
2065,1456172674,50
2066,1456172680,50
2067,1456172686,50
2068,1456172692,50
2069,1456172698,50
2070,1456172704,50
2071,1456172710,50
2072,1456172716,50
2073,1456172722,50
2074,1456172728,49
2075,1456172734,49
2076,1456172740,49
2077,1456172746,49
2078,1456172752,49
2079,1456172758,49
2080,1456172764,49
2081,1456172770,49
2082,1456172776,49
2083,1456172782,49
2084,1456172788,44
2085,1456172794,44
2086,1456172800,44
2087,1456172806,44
2088,1456172812,44
2089,1456172818,44
2090,1456172824,44
2091,1456172830,44
2092,1456172836,44
2093,1456172842,44
2094,1456172848,31
2095,1456172854,31
2096,1456172860,31
2097,1456172866,31
2098,1456172872,31
2099,1456172878,31
2100,1456172884,31
2101,1456172890,31
2102,1456172896,31
2103,1456172902,31
2104,1456172908,16
2105,1456172914,16
2106,1456172920,16
2107,1456172926,16
2108,1456172932,16
2109,1456172938,16
2110,1456172944,16
2111,1456172950,16
2112,1456172956,16
2113,1456172962,16
2114,1456172968,2
2115,1456172974,2
2116,1456172980,2
2117,1456172986,2
2118,1456172992,2
2119,1456172998,2
2120,1456173004,2
2121,1456173010,2
2122,1456173016,2
2123,1456173022,2
2124,1456173028,30
2125,1456173034,30
2126,1456173040,30
2127,1456173046,30
2128,1456173052,30
2129,1456173058,30
2130,1456173064,30
2131,1456173070,30
2132,1456173076,30
2133,1456173082,30
2134,1456173088,14
2135,1456173094,14
2136,1456173100,19
2137,1456173106,19
2138,1456173112,19
2139,1456173118,19
2140,1456173124,19
2141,1456173130,19
2142,1456173136,19
2143,1456173142,19
2144,1456173148,13
2145,1456173154,13
2146,1456173160,7
2147,1456173166,7
2148,1456173172,7
2149,1456173178,7
2150,1456173184,7
2151,1456173190,7
2152,1456173196,7
2153,1456173202,7
2154,1456173208,9
2155,1456173214,9
2156,1456173220,5
2157,1456173226,5
2158,1456173232,5
2159,1456173238,5
2160,1456173244,5
2161,1456173250,5
2162,1456173256,5
2163,1456173262,5
2164,1456173268,15
2165,1456173274,15
2166,1456173280,24
2167,1456173286,24
2168,1456173292,24
2169,1456173298,24
2170,1456173304,24
2171,1456173310,24
2172,1456173316,24
2173,1456173322,24
2174,1456173328,18
2175,1456173334,18
2176,1456173340,14
2177,1456173346,17
2178,1456173352,17
2179,1456173358,17
2180,1456173364,17
2181,1456173370,17
2182,1456173376,17
2183,1456173382,17
2184,1456173388,15
2185,1456173394,15
2186,1456173400,14
2187,1456173406,12
2188,1456173412,12
2189,1456173418,12
2190,1456173424,12
2191,1456173430,12
2192,1456173436,12
2193,1456173442,12
2194,1456173448,10
2195,1456173454,10
2196,1456173460,8
2197,1456173466,6
2198,1456173472,6
2199,1456173478,6
2200,1456173484,6
2201,1456173490,6
2202,1456173496,6
2203,1456173502,6
2204,1456173508,12
2205,1456173514,12
2206,1456173520,17
2207,1456173526,23
2208,1456173532,23
2209,1456173538,23
2210,1456173544,23
2211,1456173550,23
2212,1456173556,23
2213,1456173562,23
2214,1456173568,20
2215,1456173574,20
2216,1456173580,17
2217,1456173586,13
2218,1456173592,13
2219,1456173598,13
2220,1456173604,13
2221,1456173610,14
2222,1456173616,14
2223,1456173622,14
2224,1456173628,12
2225,1456173634,12
2226,1456173640,12
2227,1456173646,10
2228,1456173652,10
2229,1456173658,10
2230,1456173664,10
2231,1456173670,9
2232,1456173676,9
2233,1456173682,9
2234,1456173688,9
2235,1456173694,9
2236,1456173700,9
2237,1456173706,10
2238,1456173712,10
2239,1456173718,10
2240,1456173724,10
2241,1456173730,11
2242,1456173736,11
2243,1456173742,11
2244,1456173748,13
2245,1456173754,13
2246,1456173760,14
2247,1456173766,16
2248,1456173772,16
2249,1456173778,16
2250,1456173784,16
2251,1456173790,16
2252,1456173796,16
2253,1456173802,16
2254,1456173808,15
2255,1456173814,15
2256,1456173820,15
2257,1456173826,13
2258,1456173832,13
2259,1456173838,13
2260,1456173844,13
2261,1456173850,11
2262,1456173856,11
2263,1456173862,11
2264,1456173868,9
2265,1456173874,9
2266,1456173880,10
2267,1456173886,10
2268,1456173892,10
2269,1456173898,10
2270,1456173904,10
2271,1456173910,11
2272,1456173916,11
2273,1456173922,11
2274,1456173928,13
2275,1456173934,13
2276,1456173940,14
2277,1456173946,15
2278,1456173952,15
2279,1456173958,15
2280,1456173964,15
2281,1456173970,17
2282,1456173976,17
2283,1456173982,17
2284,1456173988,16
2285,1456173994,16
2286,1456174000,15
2287,1456174006,13
2288,1456174012,13
2289,1456174018,13
2290,1456174024,13
2291,1456174030,11
2292,1456174036,11
2293,1456174042,11
2294,1456174048,8
2295,1456174054,8
2296,1456174060,7
2297,1456174066,6
2298,1456174072,6
2299,1456174078,6
2300,1456174084,5
2301,1456174090,5
2302,1456174096,5
2303,1456174102,5
2304,1456174108,7
2305,1456174114,7
2306,1456174120,5
2307,1456174126,6
2308,1456174132,6
2309,1456174138,6
2310,1456174144,5
2311,1456174150,6
2312,1456174156,6
2313,1456174162,6
2314,1456174168,7
2315,1456174174,7
2316,1456174180,9
2317,1456174186,9
2318,1456174192,9
2319,1456174198,9
2320,1456174204,9
2321,1456174210,9
2322,1456174216,9
2323,1456174222,9
2324,1456174228,9
2325,1456174234,9
2326,1456174240,9
2327,1456174246,9
2328,1456174252,9
2329,1456174258,9
2330,1456174264,10
2331,1456174270,10
2332,1456174276,10
2333,1456174282,10
2334,1456174288,10
2335,1456174294,11
2336,1456174300,11
2337,1456174306,10
2338,1456174312,10
2339,1456174318,10
2340,1456174324,9
2341,1456174330,9
2342,1456174336,9
2343,1456174342,9
2344,1456174348,11
2345,1456174354,11
2346,1456174360,12
2347,1456174366,13
2348,1456174372,13
2349,1456174378,13
2350,1456174384,13
2351,1456174390,17
2352,1456174396,17
2353,1456174402,17
2354,1456174408,19
2355,1456174414,20
2356,1456174420,21
2357,1456174426,23
2358,1456174432,23
2359,1456174438,23
2360,1456174444,23
2361,1456174450,26
2362,1456174456,26
2363,1456174462,26
2364,1456174468,27
2365,1456174474,28
2366,1456174480,28
2367,1456174486,29
2368,1456174492,29
2369,1456174498,29
2370,1456174504,29
2371,1456174510,30
2372,1456174516,30
2373,1456174522,30
2374,1456174528,30
2375,1456174534,31
2376,1456174540,32
2377,1456174546,34
2378,1456174552,34
2379,1456174558,34
2380,1456174564,34
2381,1456174570,37
2382,1456174576,37
2383,1456174582,37
2384,1456174588,38
2385,1456174594,40
2386,1456174600,41
2387,1456174606,43
2388,1456174612,43
2389,1456174618,43
2390,1456174624,43
2391,1456174630,44
2392,1456174636,44
2393,1456174642,44
2394,1456174648,45
2395,1456174654,46
2396,1456174660,47
2397,1456174666,48
2398,1456174672,48
2399,1456174678,48
2400,1456174684,48
2401,1456174690,48
2402,1456174696,48
2403,1456174702,48
2404,1456174708,48
2405,1456174714,49
2406,1456174720,49
2407,1456174726,50
2408,1456174732,50
2409,1456174738,50
2410,1456174744,50
2411,1456174750,52
2412,1456174756,52
2413,1456174762,52
2414,1456174768,52
2415,1456174774,54
2416,1456174780,54
2417,1456174786,55
2418,1456174792,55
2419,1456174798,55
2420,1456174804,55
2421,1456174810,56
2422,1456174816,56
2423,1456174822,56
2424,1456174828,57
2425,1456174834,57
2426,1456174840,57
2427,1456174846,58
2428,1456174852,58
2429,1456174858,58
2430,1456174864,58
2431,1456174870,58
2432,1456174876,58
2433,1456174882,58
2434,1456174888,58
2435,1456174894,58
2436,1456174900,57
2437,1456174906,58
2438,1456174912,58
2439,1456174918,58
2440,1456174924,58
2441,1456174930,58
2442,1456174936,58
2443,1456174942,58
2444,1456174948,59
2445,1456174954,59
2446,1456174960,60
2447,1456174966,60
2448,1456174972,60
2449,1456174978,60
2450,1456174984,60
2451,1456174990,61
2452,1456174996,61
2453,1456175002,61
2454,1456175008,61
2455,1456175014,54
2456,1456175020,54
2457,1456175026,55
2458,1456175032,55
2459,1456175038,55
2460,1456175044,55
2461,1456175050,54
2462,1456175056,54
2463,1456175062,54
2464,1456175068,54
2465,1456175074,61
2466,1456175080,61
2467,1456175086,60
2468,1456175092,60
2469,1456175098,60
2470,1456175104,60
2471,1456175110,60
2472,1456175116,60
2473,1456175122,60
2474,1456175128,61
2475,1456175134,61
2476,1456175140,62
2477,1456175146,63
2478,1456175152,63
2479,1456175158,63
2480,1456175164,63
2481,1456175170,64
2482,1456175176,64
2483,1456175182,64
2484,1456175188,64
2485,1456175194,55
2486,1456175200,56
2487,1456175206,56
2488,1456175212,56
2489,1456175218,56
2490,1456175224,56
2491,1456175230,56
2492,1456175236,56
2493,1456175242,56
2494,1456175248,55
2495,1456175254,64
2496,1456175260,64
2497,1456175266,62
2498,1456175272,62
2499,1456175278,62
2500,1456175284,62
2501,1456175290,61
2502,1456175296,61
2503,1456175302,61
2504,1456175308,61
2505,1456175314,61
2506,1456175320,62
2507,1456175326,52
2508,1456175332,52
2509,1456175338,52
2510,1456175344,52
2511,1456175350,54
2512,1456175356,54
2513,1456175362,54
2514,1456175368,55
2515,1456175374,55
2516,1456175380,56
2517,1456175386,68
2518,1456175392,68
2519,1456175398,68
2520,1456175404,68
2521,1456175410,68
2522,1456175416,68
2523,1456175422,68
2524,1456175428,68
2525,1456175434,68
2526,1456175440,67
2527,1456175446,67
2528,1456175452,67
2529,1456175458,67
2530,1456175464,67
2531,1456175470,66
2532,1456175476,66
2533,1456175482,66
2534,1456175488,66
2535,1456175494,66
2536,1456175500,67
2537,1456175506,67
2538,1456175512,67
2539,1456175518,67
2540,1456175524,67
2541,1456175530,54
2542,1456175536,54
2543,1456175542,54
2544,1456175548,54
2545,1456175554,54
2546,1456175560,55
2547,1456175566,55
2548,1456175572,55
2549,1456175578,55
2550,1456175584,55
2551,1456175590,68
2552,1456175596,68
2553,1456175602,68
2554,1456175608,67
2555,1456175614,67
2556,1456175620,66
2557,1456175626,65
2558,1456175632,65
2559,1456175638,65
2560,1456175644,65
2561,1456175650,64
2562,1456175656,64
2563,1456175662,64
2564,1456175668,64
2565,1456175674,64
2566,1456175680,64
2567,1456175686,49
2568,1456175692,49
2569,1456175698,49
2570,1456175704,49
2571,1456175710,49
2572,1456175716,49
2573,1456175722,49
2574,1456175728,50
2575,1456175734,50
2576,1456175740,51
2577,1456175746,69
2578,1456175752,69
2579,1456175758,69
2580,1456175764,69
2581,1456175770,69
2582,1456175776,69
2583,1456175782,69
2584,1456175788,69
2585,1456175794,69
2586,1456175800,69
2587,1456175806,69
2588,1456175812,69
2589,1456175818,69
2590,1456175824,69
2591,1456175830,70
2592,1456175836,70
2593,1456175842,70
2594,1456175848,72
2595,1456175854,72
2596,1456175860,74
2597,1456175866,74
2598,1456175872,74
2599,1456175878,74
2600,1456175884,74
2601,1456175890,50
2602,1456175896,50
2603,1456175902,50
2604,1456175908,50
2605,1456175914,50
2606,1456175920,50
2607,1456175926,50
2608,1456175932,50
2609,1456175938,50
2610,1456175944,50
2611,1456175950,75
2612,1456175956,75
2613,1456175962,75
2614,1456175968,67
2615,1456175974,67
2616,1456175980,57
2617,1456175986,57
2618,1456175992,57
2619,1456175998,57
2620,1456176004,57
2621,1456176010,57
2622,1456176016,57
2623,1456176022,57
2624,1456176028,52
2625,1456176034,52
2626,1456176040,47
2627,1456176046,47
2628,1456176052,47
2629,1456176058,47
2630,1456176064,47
2631,1456176070,47
2632,1456176076,47
2633,1456176082,47
2634,1456176088,42
2635,1456176094,42
2636,1456176100,37
2637,1456176106,37
2638,1456176112,37
2639,1456176118,37
2640,1456176124,37
2641,1456176130,37
2642,1456176136,37
2643,1456176142,37
2644,1456176148,31
2645,1456176154,31
2646,1456176160,26
2647,1456176166,26
2648,1456176172,26
2649,1456176178,26
2650,1456176184,26
2651,1456176190,26
2652,1456176196,26
2653,1456176202,26
2654,1456176208,16
2655,1456176214,16
2656,1456176220,6
2657,1456176226,6
2658,1456176232,6
2659,1456176238,6
2660,1456176244,6
2661,1456176250,6
2662,1456176256,6
2663,1456176262,6
2664,1456176268,23
2665,1456176274,23
2666,1456176280,45
2667,1456176286,45
2668,1456176292,45
2669,1456176298,45
2670,1456176304,45
2671,1456176310,45
2672,1456176316,45
2673,1456176322,45
2674,1456176328,47
2675,1456176334,47
2676,1456176340,45
2677,1456176346,45
2678,1456176352,45
2679,1456176358,45
2680,1456176364,45
2681,1456176370,47
2682,1456176376,47
2683,1456176382,47
2684,1456176388,43
2685,1456176394,43
2686,1456176400,40
2687,1456176406,40
2688,1456176412,40
2689,1456176418,40
2690,1456176424,40
2691,1456176430,37
2692,1456176436,37
2693,1456176442,37
2694,1456176448,33
2695,1456176454,33
2696,1456176460,29
2697,1456176466,29
2698,1456176472,29
2699,1456176478,29
2700,1456176484,29
2701,1456176490,28
2702,1456176496,28
2703,1456176502,28
2704,1456176508,27
2705,1456176514,27
2706,1456176520,25
2707,1456176526,25
2708,1456176532,25
2709,1456176538,25
2710,1456176544,25
2711,1456176550,21
2712,1456176556,21
2713,1456176562,21
2714,1456176568,19
2715,1456176574,19
2716,1456176580,22
2717,1456176586,22
2718,1456176592,22
2719,1456176598,22
2720,1456176604,22
2721,1456176610,28
2722,1456176616,28
2723,1456176622,28
2724,1456176628,32
2725,1456176634,32
2726,1456176640,32
2727,1456176646,32
2728,1456176652,32
2729,1456176658,32
2730,1456176664,32
2731,1456176670,30
2732,1456176676,30
2733,1456176682,30
2734,1456176688,24
2735,1456176694,24
2736,1456176700,22
2737,1456176706,22
2738,1456176712,22
2739,1456176718,22
2740,1456176724,22
2741,1456176730,21
2742,1456176736,21
2743,1456176742,21
2744,1456176748,20
2745,1456176754,20
2746,1456176760,17
2747,1456176766,17
2748,1456176772,17
2749,1456176778,17
2750,1456176784,17
2751,1456176790,14
2752,1456176796,14
2753,1456176802,14
2754,1456176808,12
2755,1456176814,12
2756,1456176820,12
2757,1456176826,12
2758,1456176832,12
2759,1456176838,12
2760,1456176844,12
2761,1456176850,14
2762,1456176856,14
2763,1456176862,14
2764,1456176868,15
2765,1456176874,15
2766,1456176880,17
2767,1456176886,17
2768,1456176892,17
2769,1456176898,17
2770,1456176904,17
2771,1456176910,17
2772,1456176916,17
2773,1456176922,17
2774,1456176928,17
2775,1456176934,17
2776,1456176940,16
2777,1456176946,16
2778,1456176952,14
2779,1456176958,14
2780,1456176964,14
2781,1456176970,11
2782,1456176976,11
2783,1456176982,11
2784,1456176988,11
2785,1456176994,11
2786,1456177000,8
2787,1456177006,8
2788,1456177012,8
2789,1456177018,8
2790,1456177024,8
2791,1456177030,8
2792,1456177036,8
2793,1456177042,8
2794,1456177048,8
2795,1456177054,8
2796,1456177060,8
2797,1456177066,8
2798,1456177072,9
2799,1456177078,9
2800,1456177084,9
2801,1456177090,12
2802,1456177096,12
2803,1456177102,12
2804,1456177108,14
2805,1456177114,14
2806,1456177120,17
2807,1456177126,17
2808,1456177132,17
2809,1456177138,18
2810,1456177144,18
2811,1456177150,17
2812,1456177156,17
2813,1456177162,17
2814,1456177168,18
2815,1456177174,18
2816,1456177180,17
2817,1456177186,17
2818,1456177192,17
2819,1456177198,17
2820,1456177204,17
2821,1456177210,16
2822,1456177216,16
2823,1456177222,16
2824,1456177228,13
2825,1456177234,13
2826,1456177240,9
2827,1456177246,9
2828,1456177252,9
2829,1456177258,8
2830,1456177264,8
2831,1456177270,7
2832,1456177276,7
2833,1456177282,7
2834,1456177288,8
2835,1456177294,8
2836,1456177300,9
2837,1456177306,9
2838,1456177312,9
2839,1456177318,10
2840,1456177324,10
2841,1456177330,11
2842,1456177336,11
2843,1456177342,11
2844,1456177348,12
2845,1456177354,12
2846,1456177360,13
2847,1456177366,13
2848,1456177372,13
2849,1456177378,14
2850,1456177384,14
2851,1456177390,13
2852,1456177396,13
2853,1456177402,13
2854,1456177408,11
2855,1456177414,11
2856,1456177420,8
2857,1456177426,8
2858,1456177432,10
2859,1456177438,9
2860,1456177444,9
2861,1456177450,9
2862,1456177456,9
2863,1456177462,9
2864,1456177468,10
2865,1456177474,10
2866,1456177480,11
2867,1456177486,11
2868,1456177492,10
2869,1456177498,10
2870,1456177504,10
2871,1456177510,9
2872,1456177516,9
2873,1456177522,9
2874,1456177528,8
2875,1456177534,8
2876,1456177540,7
2877,1456177546,7
2878,1456177552,6
2879,1456177558,7
2880,1456177564,7
2881,1456177570,6
2882,1456177576,6
2883,1456177582,6
2884,1456177588,6
2885,1456177594,6
2886,1456177600,7
2887,1456177606,7
2888,1456177612,7
2889,1456177618,7
2890,1456177624,7
2891,1456177630,7
2892,1456177636,7
2893,1456177642,7
2894,1456177648,6
2895,1456177654,6
2896,1456177660,6
2897,1456177666,6
2898,1456177672,6
2899,1456177678,5
2900,1456177684,5
2901,1456177690,5
2902,1456177696,5
2903,1456177702,5
2904,1456177708,5
2905,1456177714,5
2906,1456177720,6
2907,1456177726,6
2908,1456177732,7
2909,1456177738,7
2910,1456177744,7
2911,1456177750,7
2912,1456177756,7
2913,1456177762,6
2914,1456177768,6
2915,1456177774,6
2916,1456177780,6
2917,1456177786,6
2918,1456177792,5
2919,1456177798,6
2920,1456177804,6
2921,1456177810,7
2922,1456177816,7
2923,1456177822,8
2924,1456177828,7
2925,1456177834,7
2926,1456177840,8
2927,1456177846,8
2928,1456177852,8
2929,1456177858,8
2930,1456177864,8
2931,1456177870,7
2932,1456177876,7
2933,1456177882,7
2934,1456177888,8
2935,1456177894,7
2936,1456177900,7
2937,1456177906,7
2938,1456177912,7
2939,1456177918,7
2940,1456177924,7
2941,1456177930,7
2942,1456177936,7
2943,1456177942,7
2944,1456177948,7
2945,1456177954,9
2946,1456177960,9
2947,1456177966,9
2948,1456177972,8
2949,1456177978,8
2950,1456177984,8
2951,1456177990,8
2952,1456177996,8
2953,1456178002,8
2954,1456178008,7
2955,1456178014,7
2956,1456178020,6
2957,1456178026,6
2958,1456178032,6
2959,1456178038,6
2960,1456178044,6
2961,1456178050,5
2962,1456178056,5
2963,1456178062,5
2964,1456178068,6
2965,1456178074,6
2966,1456178080,6
2967,1456178086,6
2968,1456178092,7
2969,1456178098,7
2970,1456178104,7
2971,1456178110,7
2972,1456178116,7
2973,1456178122,7
2974,1456178128,7
2975,1456178134,7
2976,1456178140,7
2977,1456178146,7
2978,1456178152,8
2979,1456178158,9
2980,1456178164,9
2981,1456178170,9
2982,1456178176,9
2983,1456178182,10
2984,1456178188,11
2985,1456178194,12
2986,1456178200,13
2987,1456178206,13
2988,1456178212,14
2989,1456178218,15
2990,1456178224,15
2991,1456178230,16
2992,1456178236,16
2993,1456178242,18
2994,1456178248,20
2995,1456178254,21
2996,1456178260,22
2997,1456178266,22
2998,1456178272,23
2999,1456178278,24
3000,1456178284,24
3001,1456178290,24
3002,1456178296,24
3003,1456178302,25
3004,1456178308,28
3005,1456178314,29
3006,1456178320,30
3007,1456178326,30
3008,1456178332,32
3009,1456178338,34
3010,1456178344,34
3011,1456178350,35
3012,1456178356,35
3013,1456178362,36
3014,1456178368,37
3015,1456178374,38
3016,1456178380,38
3017,1456178386,38
3018,1456178392,39
3019,1456178398,39
3020,1456178404,39
3021,1456178410,39
3022,1456178416,39
3023,1456178422,39
3024,1456178428,40
3025,1456178434,41
3026,1456178440,41
3027,1456178446,41
3028,1456178452,42
3029,1456178458,43
3030,1456178464,43
3031,1456178470,43
3032,1456178476,43
3033,1456178482,44
3034,1456178488,45
3035,1456178494,46
3036,1456178500,47
3037,1456178506,47
3038,1456178512,48
3039,1456178518,48
3040,1456178524,48
3041,1456178530,48
3042,1456178536,48
3043,1456178542,49
3044,1456178548,50
3045,1456178554,50
3046,1456178560,51
3047,1456178566,51
3048,1456178572,52
3049,1456178578,52
3050,1456178584,52
3051,1456178590,52
3052,1456178596,52
3053,1456178602,52
3054,1456178608,53
3055,1456178614,54
3056,1456178620,54
3057,1456178626,54
3058,1456178632,55
3059,1456178638,55
3060,1456178644,55
3061,1456178650,56
3062,1456178656,56
3063,1456178662,56
3064,1456178668,57
3065,1456178674,57
3066,1456178680,58
3067,1456178686,58
3068,1456178692,58
3069,1456178698,58
3070,1456178704,58
3071,1456178710,58
3072,1456178716,58
3073,1456178722,58
3074,1456178728,58
3075,1456178734,59
3076,1456178740,59
3077,1456178746,59
3078,1456178752,59
3079,1456178758,59
3080,1456178764,59
3081,1456178770,51
3082,1456178776,51
3083,1456178782,52
3084,1456178788,52
3085,1456178794,53
3086,1456178800,53
3087,1456178806,53
3088,1456178812,54
3089,1456178818,54
3090,1456178824,54
3091,1456178830,62
3092,1456178836,62
3093,1456178842,63
3094,1456178848,63
3095,1456178854,63
3096,1456178860,63
3097,1456178866,63
3098,1456178872,63
3099,1456178878,63
3100,1456178884,63
3101,1456178890,63
3102,1456178896,63
3103,1456178902,63
3104,1456178908,62
3105,1456178914,62
3106,1456178920,62
3107,1456178926,62
3108,1456178932,62
3109,1456178938,62
3110,1456178944,62
3111,1456178950,62
3112,1456178956,62
3113,1456178962,63
3114,1456178968,64
3115,1456178974,64
3116,1456178980,64
3117,1456178986,64
3118,1456178992,55
3119,1456178998,55
3120,1456179004,55
3121,1456179010,55
3122,1456179016,55
3123,1456179022,55
3124,1456179028,55
3125,1456179034,55
3126,1456179040,55
3127,1456179046,55
3128,1456179052,54
3129,1456179058,64
3130,1456179064,64
3131,1456179070,64
3132,1456179076,64
3133,1456179082,63
3134,1456179088,62
3135,1456179094,61
3136,1456179100,61
3137,1456179106,61
3138,1456179112,61
3139,1456179118,61
3140,1456179124,61
3141,1456179130,61
3142,1456179136,61
3143,1456179142,61
3144,1456179148,52
3145,1456179154,52
3146,1456179160,52
3147,1456179166,52
3148,1456179172,52
3149,1456179178,52
3150,1456179184,52
3151,1456179190,52
3152,1456179196,52
3153,1456179202,52
3154,1456179208,53
3155,1456179214,63
3156,1456179220,63
3157,1456179226,63
3158,1456179232,63
3159,1456179238,63
3160,1456179244,63
3161,1456179250,63
3162,1456179256,63
3163,1456179262,63
3164,1456179268,62
3165,1456179274,62
3166,1456179280,61
3167,1456179286,61
3168,1456179292,61
3169,1456179298,61
3170,1456179304,61
3171,1456179310,61
3172,1456179316,61
3173,1456179322,61
3174,1456179328,62
3175,1456179334,62
3176,1456179340,64
3177,1456179346,64
3178,1456179352,51
3179,1456179358,51
3180,1456179364,51
3181,1456179370,51
3182,1456179376,51
3183,1456179382,52
3184,1456179388,53
3185,1456179394,53
3186,1456179400,54
3187,1456179406,54
3188,1456179412,67
3189,1456179418,67
3190,1456179424,67
3191,1456179430,67
3192,1456179436,67
3193,1456179442,67
3194,1456179448,67
3195,1456179454,67
3196,1456179460,68
3197,1456179466,68
3198,1456179472,68
3199,1456179478,68
3200,1456179484,68
3201,1456179490,68
3202,1456179496,68
3203,1456179502,69
3204,1456179508,70
3205,1456179514,70
3206,1456179520,54
3207,1456179526,54
3208,1456179532,54
3209,1456179538,54
3210,1456179544,54
3211,1456179550,54
3212,1456179556,54
3213,1456179562,55
3214,1456179568,56
3215,1456179574,56
3216,1456179580,75
3217,1456179586,75
3218,1456179592,75
3219,1456179598,75
3220,1456179604,75
3221,1456179610,75
3222,1456179616,75
3223,1456179622,74
3224,1456179628,72
3225,1456179634,72
3226,1456179640,71
3227,1456179646,71
3228,1456179652,71
3229,1456179658,71
3230,1456179664,71
3231,1456179670,71
3232,1456179676,71
3233,1456179682,69
3234,1456179688,46
3235,1456179694,46
3236,1456179700,44
3237,1456179706,44
3238,1456179712,44
3239,1456179718,44
3240,1456179724,44
3241,1456179730,44
3242,1456179736,44
3243,1456179742,42
3244,1456179748,63
3245,1456179754,63
3246,1456179760,58
3247,1456179766,58
3248,1456179772,58
3249,1456179778,58
3250,1456179784,58
3251,1456179790,58
3252,1456179796,58
3253,1456179802,47
3254,1456179808,47
3255,1456179814,47
3256,1456179820,37
3257,1456179826,37
3258,1456179832,37
3259,1456179838,37
3260,1456179844,37
3261,1456179850,37
3262,1456179856,37
3263,1456179862,33
3264,1456179868,33
3265,1456179874,33
3266,1456179880,29
3267,1456179886,29
3268,1456179892,29
3269,1456179898,29
3270,1456179904,29
3271,1456179910,29
3272,1456179916,29
3273,1456179922,23
3274,1456179928,23
3275,1456179934,23
3276,1456179940,17
3277,1456179946,17
3278,1456179952,17
3279,1456179958,17
3280,1456179964,17
3281,1456179970,17
3282,1456179976,17
3283,1456179982,13
3284,1456179988,13
3285,1456179994,13
3286,1456180000,6
3287,1456180006,6
3288,1456180012,6
3289,1456180018,6
3290,1456180024,6
3291,1456180030,6
3292,1456180036,6
3293,1456180042,9
3294,1456180048,9
3295,1456180054,9
3296,1456180060,21
3297,1456180066,21
3298,1456180072,21
3299,1456180078,21
3300,1456180084,21
3301,1456180090,21
3302,1456180096,21
3303,1456180102,19
3304,1456180108,19
3305,1456180114,19
3306,1456180120,17
3307,1456180126,17
3308,1456180132,17
3309,1456180138,17
3310,1456180144,17
3311,1456180150,17
3312,1456180156,17
3313,1456180162,11
3314,1456180168,11
3315,1456180174,11
3316,1456180180,4
3317,1456180186,4
3318,1456180192,4
3319,1456180198,4
3320,1456180204,4
3321,1456180210,4
3322,1456180216,4
3323,1456180222,11
3324,1456180228,11
3325,1456180234,11
3326,1456180240,23
3327,1456180246,23
3328,1456180252,23
3329,1456180258,23
3330,1456180264,23
3331,1456180270,23
3332,1456180276,23
3333,1456180282,30
3334,1456180288,30
3335,1456180294,30
3336,1456180300,29
3337,1456180306,29
3338,1456180312,29
3339,1456180318,29
3340,1456180324,33
3341,1456180330,33
3342,1456180336,33
3343,1456180342,31
3344,1456180348,31
3345,1456180354,31
3346,1456180360,29
3347,1456180366,29
3348,1456180372,29
3349,1456180378,29
3350,1456180384,27
3351,1456180390,27
3352,1456180396,27
3353,1456180402,24
3354,1456180408,24
3355,1456180414,24
3356,1456180420,21
3357,1456180426,21
3358,1456180432,21
3359,1456180438,21
3360,1456180444,20
3361,1456180450,20
3362,1456180456,20
3363,1456180462,21
3364,1456180468,21
3365,1456180474,21
3366,1456180480,25
3367,1456180486,25
3368,1456180492,25
3369,1456180498,25
3370,1456180504,30
3371,1456180510,30
3372,1456180516,30
3373,1456180522,35
3374,1456180528,35
3375,1456180534,35
3376,1456180540,38
3377,1456180546,38
3378,1456180552,38
3379,1456180558,38
3380,1456180564,37
3381,1456180570,37
3382,1456180576,38
3383,1456180582,38
3384,1456180588,38
3385,1456180594,38
3386,1456180600,36
3387,1456180606,36
3388,1456180612,36
3389,1456180618,36
3390,1456180624,35
3391,1456180630,35
3392,1456180636,32
3393,1456180642,30
3394,1456180648,30
3395,1456180654,30
3396,1456180660,27
3397,1456180666,27
3398,1456180672,27
3399,1456180678,27
3400,1456180684,24
3401,1456180690,24
3402,1456180696,23
3403,1456180702,22
3404,1456180708,22
3405,1456180714,22
3406,1456180720,22
3407,1456180726,22
3408,1456180732,22
3409,1456180738,22
3410,1456180744,24
3411,1456180750,24
3412,1456180756,26
3413,1456180762,28
3414,1456180768,28
3415,1456180774,28
3416,1456180780,29
3417,1456180786,29
3418,1456180792,29
3419,1456180798,29
3420,1456180804,28
3421,1456180810,28
3422,1456180816,26
3423,1456180822,24
3424,1456180828,24
3425,1456180834,24
3426,1456180840,22
3427,1456180846,22
3428,1456180852,22
3429,1456180858,22
3430,1456180864,19
3431,1456180870,19
3432,1456180876,17
3433,1456180882,15
3434,1456180888,15
3435,1456180894,15
3436,1456180900,14
3437,1456180906,14
3438,1456180912,14
3439,1456180918,14
3440,1456180924,16
3441,1456180930,16
3442,1456180936,19
3443,1456180942,22
3444,1456180948,22
3445,1456180954,25
3446,1456180960,30
3447,1456180966,30
3448,1456180972,30
3449,1456180978,30
3450,1456180984,31
3451,1456180990,31
3452,1456180996,31
3453,1456181002,31
3454,1456181008,31
3455,1456181014,30
3456,1456181020,29
3457,1456181026,29
3458,1456181032,29
3459,1456181038,29
3460,1456181044,28
3461,1456181050,28
3462,1456181056,27
3463,1456181062,26
3464,1456181068,26
3465,1456181074,25
3466,1456181080,25
3467,1456181086,25
3468,1456181092,25
3469,1456181098,23
3470,1456181104,21
3471,1456181110,21
3472,1456181116,20
3473,1456181122,17
3474,1456181128,17
3475,1456181134,15
3476,1456181140,12
3477,1456181146,12
3478,1456181152,12
3479,1456181158,10
3480,1456181164,9
3481,1456181170,9
3482,1456181176,8
3483,1456181182,7
3484,1456181188,7
3485,1456181194,8
3486,1456181200,8
3487,1456181206,8
3488,1456181212,8
3489,1456181218,10
3490,1456181224,13
3491,1456181230,13
3492,1456181236,15
3493,1456181242,17
3494,1456181248,17
3495,1456181254,18
3496,1456181260,20
3497,1456181266,20
3498,1456181272,20
3499,1456181278,20
3500,1456181284,19
3501,1456181290,19
3502,1456181296,17
3503,1456181302,17
3504,1456181308,17
3505,1456181314,17
3506,1456181320,16
3507,1456181326,16
3508,1456181332,16
3509,1456181338,16
3510,1456181344,15
3511,1456181350,15
3512,1456181356,15
3513,1456181362,15
3514,1456181368,14
3515,1456181374,13
3516,1456181380,12
3517,1456181386,12
3518,1456181392,12
3519,1456181398,10
3520,1456181404,8
3521,1456181410,8
3522,1456181416,8
3523,1456181422,7
3524,1456181428,7
3525,1456181434,7
3526,1456181440,7
3527,1456181446,7
3528,1456181452,7
3529,1456181458,9
3530,1456181464,13
3531,1456181470,13
3532,1456181476,13
3533,1456181482,13
3534,1456181488,14
3535,1456181494,13
3536,1456181500,13
3537,1456181506,13
3538,1456181512,13
3539,1456181518,12
3540,1456181524,11
3541,1456181530,11
3542,1456181536,10
3543,1456181542,10
3544,1456181548,11
3545,1456181554,11
3546,1456181560,11
3547,1456181566,11
3548,1456181572,11
3549,1456181578,12
3550,1456181584,14
3551,1456181590,14
3552,1456181596,15
3553,1456181602,17
3554,1456181608,18
3555,1456181614,18
3556,1456181620,21
3557,1456181626,21
3558,1456181632,21
3559,1456181638,22
3560,1456181644,23
3561,1456181650,23
3562,1456181656,24
3563,1456181662,25
3564,1456181668,26
3565,1456181674,26
3566,1456181680,28
3567,1456181686,28
3568,1456181692,28
3569,1456181698,28
3570,1456181704,29
3571,1456181710,29
3572,1456181716,29
3573,1456181722,29
3574,1456181728,29
3575,1456181734,29
3576,1456181740,29
3577,1456181746,29
3578,1456181752,29
3579,1456181758,30
3580,1456181764,31
3581,1456181770,31
3582,1456181776,32
3583,1456181782,33
3584,1456181788,34
3585,1456181794,34
3586,1456181800,37
3587,1456181806,37
3588,1456181812,37
3589,1456181818,38
3590,1456181824,39
3591,1456181830,39
3592,1456181836,40
3593,1456181842,42
3594,1456181848,43
3595,1456181854,43
3596,1456181860,44
3597,1456181866,44
3598,1456181872,44
3599,1456181878,45
3600,1456181884,45
3601,1456181890,45
3602,1456181896,45
3603,1456181902,45
3604,1456181908,45
3605,1456181914,45
3606,1456181920,46
3607,1456181926,46
3608,1456181932,46
3609,1456181938,46
3610,1456181944,46
3611,1456181950,46
3612,1456181956,47
3613,1456181962,47
3614,1456181968,48
3615,1456181974,48
3616,1456181980,49
3617,1456181986,49
3618,1456181992,49
3619,1456181998,49
3620,1456182004,50
3621,1456182010,50
3622,1456182016,50
3623,1456182022,50
3624,1456182028,50
3625,1456182034,50
3626,1456182040,51
3627,1456182046,51
3628,1456182052,51
3629,1456182058,52
3630,1456182064,52
3631,1456182070,52
3632,1456182076,52
3633,1456182082,53
3634,1456182088,53
3635,1456182094,53
3636,1456182100,54
3637,1456182106,54
3638,1456182112,54
3639,1456182118,54
3640,1456182124,55
3641,1456182130,55
3642,1456182136,55
3643,1456182142,56
3644,1456182148,56
3645,1456182154,56
3646,1456182160,57
3647,1456182166,57
3648,1456182172,57
3649,1456182178,58
3650,1456182184,58
3651,1456182190,58
3652,1456182196,58
3653,1456182202,58
3654,1456182208,58
3655,1456182214,59
3656,1456182220,59
3657,1456182226,59
3658,1456182232,59
3659,1456182238,59
3660,1456182244,59
3661,1456182250,59
3662,1456182256,60
3663,1456182262,60
3664,1456182268,61
3665,1456182274,61
3666,1456182280,62
3667,1456182286,62
3668,1456182292,62
3669,1456182298,62
3670,1456182304,63
3671,1456182310,63
3672,1456182316,63
3673,1456182322,64
3674,1456182328,66
3675,1456182334,67
3676,1456182340,69
3677,1456182346,69
3678,1456182352,69
3679,1456182358,70
3680,1456182364,72
3681,1456182370,72
3682,1456182376,73
3683,1456182382,73
3684,1456182388,73
3685,1456182394,72
3686,1456182400,71
3687,1456182406,71
3688,1456182412,71
3689,1456182418,70
3690,1456182424,69
3691,1456182430,69
3692,1456182436,58
3693,1456182442,58
3694,1456182448,58
3695,1456182454,59
3696,1456182460,59
3697,1456182466,59
3698,1456182472,59
3699,1456182478,60
3700,1456182484,60
3701,1456182490,60
3702,1456182496,70
3703,1456182502,71
3704,1456182508,71
3705,1456182514,72
3706,1456182520,72
3707,1456182526,72
3708,1456182532,72
3709,1456182538,73
3710,1456182544,73
3711,1456182550,73
3712,1456182556,73
3713,1456182562,73
3714,1456182568,74
3715,1456182574,74
3716,1456182580,73
3717,1456182586,73
3718,1456182592,73
3719,1456182598,73
3720,1456182604,74
3721,1456182610,74
3722,1456182616,74
3723,1456182622,74
3724,1456182628,74
3725,1456182634,75
3726,1456182640,75
3727,1456182646,75
3728,1456182652,75
3729,1456182658,76
3730,1456182664,63
3731,1456182670,63
3732,1456182676,63
3733,1456182682,64
3734,1456182688,64
3735,1456182694,64
3736,1456182700,64
3737,1456182706,64
3738,1456182712,64
3739,1456182718,64
3740,1456182724,77
3741,1456182730,77
3742,1456182736,77
3743,1456182742,77
3744,1456182748,77
3745,1456182754,77
3746,1456182760,77
3747,1456182766,77
3748,1456182772,77
3749,1456182778,78
3750,1456182784,78
3751,1456182790,78
3752,1456182796,78
3753,1456182802,78
3754,1456182808,79
3755,1456182814,64
3756,1456182820,65
3757,1456182826,65
3758,1456182832,65
3759,1456182838,65
3760,1456182844,65
3761,1456182850,65
3762,1456182856,65
3763,1456182862,66
3764,1456182868,67
3765,1456182874,67
3766,1456182880,85
3767,1456182886,85
3768,1456182892,85
3769,1456182898,85
3770,1456182904,85
3771,1456182910,85
3772,1456182916,85
3773,1456182922,86
3774,1456182928,86
3775,1456182934,86
3776,1456182940,86
3777,1456182946,86
3778,1456182952,86
3779,1456182958,87
3780,1456182964,87
3781,1456182970,87
3782,1456182976,87
3783,1456182982,89
3784,1456182988,67
3785,1456182994,67
3786,1456183000,68
3787,1456183006,68
3788,1456183012,68
3789,1456183018,69
3790,1456183024,69
3791,1456183030,69
3792,1456183036,69
3793,1456183042,71
3794,1456183048,94
3795,1456183054,94
3796,1456183060,96
3797,1456183066,96
3798,1456183072,96
3799,1456183078,97
3800,1456183084,97
3801,1456183090,97
3802,1456183096,97
3803,1456183102,98
3804,1456183108,98
3805,1456183114,98
3806,1456183120,98
3807,1456183126,98
3808,1456183132,98
3809,1456183138,97
3810,1456183144,97
3811,1456183150,97
3812,1456183156,97
3813,1456183162,97
3814,1456183168,97
3815,1456183174,97
3816,1456183180,64
3817,1456183186,64
3818,1456183192,64
3819,1456183198,64
3820,1456183204,64
3821,1456183210,64
3822,1456183216,64
3823,1456183222,64
3824,1456183228,64
3825,1456183234,64
3826,1456183240,97
3827,1456183246,97
3828,1456183252,97
3829,1456183258,97
3830,1456183264,97
3831,1456183270,97
3832,1456183276,97
3833,1456183282,95
3834,1456183288,95
3835,1456183294,95
3836,1456183300,95
3837,1456183306,95
3838,1456183312,95
3839,1456183318,93
3840,1456183324,93
3841,1456183330,93
3842,1456183336,93
3843,1456183342,90
3844,1456183348,90
3845,1456183354,90
3846,1456183360,90
3847,1456183366,90
3848,1456183372,90
3849,1456183378,44
3850,1456183384,44
3851,1456183390,44
3852,1456183396,44
3853,1456183402,41
3854,1456183408,41
3855,1456183414,41
3856,1456183420,41
3857,1456183426,41
3858,1456183432,41
3859,1456183438,82
3860,1456183444,82
3861,1456183450,82
3862,1456183456,82
3863,1456183462,45
3864,1456183468,45
3865,1456183474,45
3866,1456183480,45
3867,1456183486,45
3868,1456183492,45
3869,1456183498,45
3870,1456183504,45
3871,1456183510,45
3872,1456183516,45
3873,1456183522,33
3874,1456183528,33
3875,1456183534,33
3876,1456183540,33
3877,1456183546,33
3878,1456183552,33
3879,1456183558,33
3880,1456183564,33
3881,1456183570,33
3882,1456183576,33
3883,1456183582,21
3884,1456183588,21
3885,1456183594,21
3886,1456183600,21
3887,1456183606,21
3888,1456183612,21
3889,1456183618,21
3890,1456183624,21
3891,1456183630,21
3892,1456183636,21
3893,1456183642,5
3894,1456183648,5
3895,1456183654,5
3896,1456183660,5
3897,1456183666,5
3898,1456183672,5
3899,1456183678,5
3900,1456183684,5
3901,1456183690,5
3902,1456183696,5
3903,1456183702,44
3904,1456183708,44
3905,1456183714,44
3906,1456183720,44
3907,1456183726,44
3908,1456183732,44
3909,1456183738,44
3910,1456183744,44
3911,1456183750,44
3912,1456183756,44
3913,1456183762,33
3914,1456183768,33
3915,1456183774,33
3916,1456183780,37
3917,1456183786,37
3918,1456183792,37
3919,1456183798,37
3920,1456183804,37
3921,1456183810,37
3922,1456183816,37
3923,1456183822,30
3924,1456183828,30
3925,1456183834,30
3926,1456183840,22
3927,1456183846,22
3928,1456183852,22
3929,1456183858,22
3930,1456183864,22
3931,1456183870,22
3932,1456183876,22
3933,1456183882,13
3934,1456183888,13
3935,1456183894,13
3936,1456183900,7
3937,1456183906,7
3938,1456183912,7
3939,1456183918,7
3940,1456183924,7
3941,1456183930,7
3942,1456183936,7
3943,1456183942,12
3944,1456183948,12
3945,1456183954,12
3946,1456183960,29
3947,1456183966,29
3948,1456183972,29
3949,1456183978,29
3950,1456183984,29
3951,1456183990,29
3952,1456183996,29
3953,1456184002,40
3954,1456184008,40
3955,1456184014,40
3956,1456184020,38
3957,1456184026,38
3958,1456184032,38
3959,1456184038,39
3960,1456184044,39
3961,1456184050,39
3962,1456184056,39
3963,1456184062,36
3964,1456184068,36
3965,1456184074,36
3966,1456184080,32
3967,1456184086,32
3968,1456184092,32
3969,1456184098,29
3970,1456184104,29
3971,1456184110,29
3972,1456184116,29
3973,1456184122,25
3974,1456184128,25
3975,1456184134,25
3976,1456184140,20
3977,1456184146,20
3978,1456184152,20
3979,1456184158,16
3980,1456184164,16
3981,1456184170,16
3982,1456184176,16
3983,1456184182,13
3984,1456184188,13
3985,1456184194,13
3986,1456184200,11
3987,1456184206,11
3988,1456184212,11
3989,1456184218,12
3990,1456184224,12
3991,1456184230,12
3992,1456184236,12
3993,1456184242,11
3994,1456184248,11
3995,1456184254,11
3996,1456184260,18
3997,1456184266,18
3998,1456184272,18
3999,1456184278,21
4000,1456184284,21
4001,1456184290,21
4002,1456184296,21
4003,1456184302,24
4004,1456184308,24
4005,1456184314,24
4006,1456184320,22
4007,1456184326,22
4008,1456184332,22
4009,1456184338,19
4010,1456184344,19
4011,1456184350,19
4012,1456184356,20
4013,1456184362,19
4014,1456184368,19
4015,1456184374,19
4016,1456184380,15
4017,1456184386,15
4018,1456184392,15
4019,1456184398,13
4020,1456184404,13
4021,1456184410,13
4022,1456184416,13
4023,1456184422,12
4024,1456184428,12
4025,1456184434,12
4026,1456184440,17
4027,1456184446,17
4028,1456184452,17
4029,1456184458,19
4030,1456184464,19
4031,1456184470,19
4032,1456184476,21
4033,1456184482,24
4034,1456184488,24
4035,1456184494,24
4036,1456184500,23
4037,1456184506,23
4038,1456184512,23
4039,1456184518,23
4040,1456184524,23
4041,1456184530,23
4042,1456184536,22
4043,1456184542,20
4044,1456184548,20
4045,1456184554,17
4046,1456184560,14
4047,1456184566,14
4048,1456184572,14
4049,1456184578,9
4050,1456184584,9
4051,1456184590,9
4052,1456184596,7
4053,1456184602,7
4054,1456184608,7
4055,1456184614,6
4056,1456184620,8
4057,1456184626,8
4058,1456184632,8
4059,1456184638,10
4060,1456184644,10
4061,1456184650,10
4062,1456184656,11
4063,1456184662,11
4064,1456184668,11
4065,1456184674,11
4066,1456184680,13
4067,1456184686,13
4068,1456184692,13
4069,1456184698,15
4070,1456184704,15
4071,1456184710,15
4072,1456184716,16
4073,1456184722,17
4074,1456184728,17
4075,1456184734,17
4076,1456184740,16
4077,1456184746,16
4078,1456184752,16
4079,1456184758,10
4080,1456184764,10
4081,1456184770,10
4082,1456184776,8
4083,1456184782,8
4084,1456184788,8
4085,1456184794,7
4086,1456184800,6
4087,1456184806,6
4088,1456184812,6
4089,1456184818,6
4090,1456184824,6
4091,1456184830,6
4092,1456184836,8
4093,1456184842,8
4094,1456184848,8
4095,1456184854,7
4096,1456184860,7
4097,1456184866,7
4098,1456184872,7
4099,1456184878,7
4100,1456184884,7
4101,1456184890,7
4102,1456184896,6
4103,1456184902,6
4104,1456184908,6
4105,1456184914,5
4106,1456184920,6
4107,1456184926,6
4108,1456184932,6
4109,1456184938,7
4110,1456184944,7
4111,1456184950,7
4112,1456184956,7
4113,1456184962,8
4114,1456184968,8
4115,1456184974,7
4116,1456184980,7
4117,1456184986,7
4118,1456184992,7
4119,1456184998,7
4120,1456185004,7
4121,1456185010,7
4122,1456185016,7
4123,1456185022,7
4124,1456185028,7
4125,1456185034,7
4126,1456185040,7
4127,1456185046,7
4128,1456185052,7
4129,1456185058,7
4130,1456185064,7
4131,1456185070,7
4132,1456185076,7
4133,1456185082,7
4134,1456185088,7
4135,1456185094,7
4136,1456185100,8
4137,1456185106,8
4138,1456185112,8
4139,1456185118,6
4140,1456185124,6
4141,1456185130,6
4142,1456185136,4
4143,1456185142,4
4144,1456185148,4
4145,1456185154,3
4146,1456185160,1
4147,1456185166,1
4148,1456185172,1
4149,1456185178,1
4150,1456185184,1
4151,1456185190,1
4152,1456185196,4
4153,1456185202,5
4154,1456185208,5
4155,1456185214,8
4156,1456185220,11
4157,1456185226,11
4158,1456185232,11
4159,1456185238,13
4160,1456185244,13
4161,1456185250,13
4162,1456185256,11
4163,1456185262,10
4164,1456185268,10
4165,1456185274,8
4166,1456185280,8
4167,1456185286,8
4168,1456185292,8
4169,1456185298,7
4170,1456185304,7
4171,1456185310,6
4172,1456185316,6
4173,1456185322,6
4174,1456185328,6
4175,1456185334,7
4176,1456185340,7
4177,1456185346,7
4178,1456185352,7
4179,1456185358,7
4180,1456185364,7
4181,1456185370,7
4182,1456185376,8
4183,1456185382,8
4184,1456185388,8
4185,1456185394,7
4186,1456185400,7
4187,1456185406,7
4188,1456185412,7
4189,1456185418,7
4190,1456185424,7
4191,1456185430,7
4192,1456185436,7
4193,1456185442,7
4194,1456185448,7
4195,1456185454,7
4196,1456185460,7
4197,1456185466,7
4198,1456185472,7
4199,1456185478,8
4200,1456185484,8
4201,1456185490,9
4202,1456185496,10
4203,1456185502,11
4204,1456185508,11
4205,1456185514,15
4206,1456185520,16
4207,1456185526,16
4208,1456185532,16
4209,1456185538,18
4210,1456185544,18
4211,1456185550,19
4212,1456185556,19
4213,1456185562,20
4214,1456185568,20
4215,1456185574,20
4216,1456185580,21
4217,1456185586,21
4218,1456185592,21
4219,1456185598,22
4220,1456185604,22
4221,1456185610,23
4222,1456185616,24
4223,1456185622,25
4224,1456185628,25
4225,1456185634,27
4226,1456185640,28
4227,1456185646,28
4228,1456185652,28
4229,1456185658,30
4230,1456185664,30
4231,1456185670,31
4232,1456185676,32
4233,1456185682,32
4234,1456185688,32
4235,1456185694,34
4236,1456185700,34
4237,1456185706,34
4238,1456185712,34
4239,1456185718,36
4240,1456185724,36
4241,1456185730,36
4242,1456185736,37
4243,1456185742,38
4244,1456185748,38
4245,1456185754,40
4246,1456185760,40
4247,1456185766,40
4248,1456185772,40
4249,1456185778,42
4250,1456185784,42
4251,1456185790,43
4252,1456185796,44
4253,1456185802,44
4254,1456185808,44
4255,1456185814,46
4256,1456185820,46
4257,1456185826,46
4258,1456185832,46
4259,1456185838,48
4260,1456185844,48
4261,1456185850,48
4262,1456185856,49
4263,1456185862,50
4264,1456185868,50
4265,1456185874,51
4266,1456185880,51
4267,1456185886,51
4268,1456185892,51
4269,1456185898,52
4270,1456185904,52
4271,1456185910,53
4272,1456185916,54
4273,1456185922,54
4274,1456185928,54
4275,1456185934,55
4276,1456185940,56
4277,1456185946,56
4278,1456185952,56
4279,1456185958,57
4280,1456185964,57
4281,1456185970,57
4282,1456185976,57
4283,1456185982,58
4284,1456185988,58
4285,1456185994,58
4286,1456186000,58
4287,1456186006,58
4288,1456186012,58
4289,1456186018,58
4290,1456186024,58
4291,1456186030,58
4292,1456186036,58
4293,1456186042,58
4294,1456186048,58
4295,1456186054,59
4296,1456186060,59
4297,1456186066,59
4298,1456186072,59
4299,1456186078,60
4300,1456186084,60
4301,1456186090,60
4302,1456186096,60
4303,1456186102,61
4304,1456186108,61
4305,1456186114,61
4306,1456186120,54
4307,1456186126,54
4308,1456186132,54
4309,1456186138,55
4310,1456186144,55
4311,1456186150,55
4312,1456186156,55
4313,1456186162,56
4314,1456186168,56
4315,1456186174,56
4316,1456186180,56
4317,1456186186,64
4318,1456186192,64
4319,1456186198,63
4320,1456186204,63
4321,1456186210,63
4322,1456186216,63
4323,1456186222,63
4324,1456186228,63
4325,1456186234,63
4326,1456186240,63
4327,1456186246,63
4328,1456186252,63
4329,1456186258,64
4330,1456186264,64
4331,1456186270,55
4332,1456186276,55
4333,1456186282,55
4334,1456186288,55
4335,1456186294,56
4336,1456186300,56
4337,1456186306,56
4338,1456186312,56
4339,1456186318,56
4340,1456186324,56
4341,1456186330,65
4342,1456186336,65
4343,1456186342,65
4344,1456186348,65
4345,1456186354,65
4346,1456186360,65
4347,1456186366,65
4348,1456186372,65
4349,1456186378,64
4350,1456186384,64
4351,1456186390,64
4352,1456186396,63
4353,1456186402,63
4354,1456186408,63
4355,1456186414,63
4356,1456186420,63
4357,1456186426,63
4358,1456186432,63
4359,1456186438,64
4360,1456186444,64
4361,1456186450,64
4362,1456186456,64
4363,1456186462,54
4364,1456186468,54
4365,1456186474,55
4366,1456186480,55
4367,1456186486,55
4368,1456186492,55
4369,1456186498,56
4370,1456186504,56
4371,1456186510,56
4372,1456186516,57
4373,1456186522,68
4374,1456186528,68
4375,1456186534,67
4376,1456186540,67
4377,1456186546,67
4378,1456186552,67
4379,1456186558,65
4380,1456186564,65
4381,1456186570,65
4382,1456186576,64
4383,1456186582,64
4384,1456186588,64
4385,1456186594,63
4386,1456186600,63
4387,1456186606,63
4388,1456186612,63
4389,1456186618,64
4390,1456186624,64
4391,1456186630,64
4392,1456186636,64
4393,1456186642,64
4394,1456186648,64
4395,1456186654,53
4396,1456186660,53
4397,1456186666,53
4398,1456186672,53
4399,1456186678,55
4400,1456186684,55
4401,1456186690,55
4402,1456186696,55
4403,1456186702,55
4404,1456186708,55
4405,1456186714,67
4406,1456186720,67
4407,1456186726,67
4408,1456186732,67
4409,1456186738,65
4410,1456186744,65
4411,1456186750,65
4412,1456186756,64
4413,1456186762,64
4414,1456186768,64
4415,1456186774,64
4416,1456186780,64
4417,1456186786,64
4418,1456186792,64
4419,1456186798,65
4420,1456186804,65
4421,1456186810,65
4422,1456186816,49
4423,1456186822,49
4424,1456186828,49
4425,1456186834,50
4426,1456186840,50
4427,1456186846,50
4428,1456186852,50
4429,1456186858,50
4430,1456186864,50
4431,1456186870,50
4432,1456186876,67
4433,1456186882,67
4434,1456186888,67
4435,1456186894,66
4436,1456186900,66
4437,1456186906,66
4438,1456186912,66
4439,1456186918,59
4440,1456186924,59
4441,1456186930,59
4442,1456186936,59
4443,1456186942,59
4444,1456186948,59
4445,1456186954,56
4446,1456186960,56
4447,1456186966,56
4448,1456186972,56
4449,1456186978,53
4450,1456186984,53
4451,1456186990,53
4452,1456186996,53
4453,1456187002,53
4454,1456187008,53
4455,1456187014,51
4456,1456187020,51
4457,1456187026,51
4458,1456187032,51
4459,1456187038,48
4460,1456187044,48
4461,1456187050,48
4462,1456187056,48
4463,1456187062,48
4464,1456187068,48
4465,1456187074,46
4466,1456187080,46
4467,1456187086,46
4468,1456187092,46
4469,1456187098,41
4470,1456187104,41
4471,1456187110,41
4472,1456187116,41
4473,1456187122,41
4474,1456187128,41
4475,1456187134,37
4476,1456187140,37
4477,1456187146,37
4478,1456187152,37
4479,1456187158,31
4480,1456187164,31
4481,1456187170,31
4482,1456187176,31
4483,1456187182,31
4484,1456187188,31
4485,1456187194,29
4486,1456187200,29
4487,1456187206,29
4488,1456187212,29
4489,1456187218,28
4490,1456187224,28
4491,1456187230,28
4492,1456187236,28
4493,1456187242,28
4494,1456187248,28
4495,1456187254,26
4496,1456187260,26
4497,1456187266,26
4498,1456187272,26
4499,1456187278,19
4500,1456187284,19
4501,1456187290,19
4502,1456187296,19
4503,1456187302,19
4504,1456187308,19
4505,1456187314,22
4506,1456187320,22
4507,1456187326,22
4508,1456187332,22
4509,1456187338,40
4510,1456187344,40
4511,1456187350,40
4512,1456187356,40
4513,1456187362,40
4514,1456187368,40
4515,1456187374,44
4516,1456187380,44
4517,1456187386,44
4518,1456187392,44
4519,1456187398,44
4520,1456187404,44
4521,1456187410,44
4522,1456187416,44
4523,1456187422,44
4524,1456187428,45
4525,1456187434,45
4526,1456187440,45
4527,1456187446,45
4528,1456187452,45
4529,1456187458,42
4530,1456187464,42
4531,1456187470,42
4532,1456187476,42
4533,1456187482,42
4534,1456187488,40
4535,1456187494,37
4536,1456187500,37
4537,1456187506,37
4538,1456187512,37
4539,1456187518,32
4540,1456187524,32
4541,1456187530,32
4542,1456187536,32
4543,1456187542,32
4544,1456187548,30
4545,1456187554,27
4546,1456187560,27
4547,1456187566,27
4548,1456187572,27
4549,1456187578,22
4550,1456187584,22
4551,1456187590,22
4552,1456187596,22
4553,1456187602,22
4554,1456187608,19
4555,1456187614,17
4556,1456187620,17
4557,1456187626,17
4558,1456187632,17
4559,1456187638,10
4560,1456187644,10
4561,1456187650,10
4562,1456187656,10
4563,1456187662,10
4564,1456187668,9
4565,1456187674,8
4566,1456187680,8
4567,1456187686,8
4568,1456187692,8
4569,1456187698,12
4570,1456187704,12
4571,1456187710,12
4572,1456187716,12
4573,1456187722,12
4574,1456187728,17
4575,1456187734,23
4576,1456187740,23
4577,1456187746,23
4578,1456187752,23
4579,1456187758,29
4580,1456187764,29
4581,1456187770,29
4582,1456187776,29
4583,1456187782,29
4584,1456187788,28
4585,1456187794,27
4586,1456187800,26
4587,1456187806,26
4588,1456187812,26
4589,1456187818,22
4590,1456187824,22
4591,1456187830,22
4592,1456187836,22
4593,1456187842,22
4594,1456187848,20
4595,1456187854,17
4596,1456187860,14
4597,1456187866,14
4598,1456187872,14
4599,1456187878,9
4600,1456187884,9
4601,1456187890,9
4602,1456187896,9
4603,1456187902,9
4604,1456187908,6
4605,1456187914,4
4606,1456187920,3
4607,1456187926,3
4608,1456187932,3
4609,1456187938,1
4610,1456187944,1
4611,1456187950,1
4612,1456187956,1
4613,1456187962,1
4614,1456187968,4
4615,1456187974,6
4616,1456187980,8
4617,1456187986,8
4618,1456187992,8
4619,1456187998,10
4620,1456188004,10
4621,1456188010,10
4622,1456188016,10
4623,1456188022,10
4624,1456188028,8
4625,1456188034,7
4626,1456188040,5
4627,1456188046,5
4628,1456188052,5
4629,1456188058,4
4630,1456188064,4
4631,1456188070,4
4632,1456188076,5
4633,1456188082,5
4634,1456188088,4
4635,1456188094,4
4636,1456188100,4
4637,1456188106,4
4638,1456188112,4
4639,1456188118,4
4640,1456188124,4
4641,1456188130,4
4642,1456188136,4
4643,1456188142,4
4644,1456188148,5
4645,1456188154,5
4646,1456188160,5
4647,1456188166,5
4648,1456188172,5
4649,1456188178,5
4650,1456188184,5
4651,1456188190,5
4652,1456188196,6
4653,1456188202,6
4654,1456188208,7
4655,1456188214,7
4656,1456188220,6
4657,1456188226,6
4658,1456188232,6
4659,1456188238,7
4660,1456188244,7
4661,1456188250,7
4662,1456188256,7
4663,1456188262,7
4664,1456188268,7
4665,1456188274,7
4666,1456188280,6
4667,1456188286,6
4668,1456188292,6
4669,1456188298,6
4670,1456188304,6
4671,1456188310,6
4672,1456188316,6
4673,1456188322,6
4674,1456188328,5
4675,1456188334,5
4676,1456188340,7
4677,1456188346,7
4678,1456188352,7
4679,1456188358,7
4680,1456188364,7
4681,1456188370,7
4682,1456188376,7
4683,1456188382,7
4684,1456188388,8
4685,1456188394,8
4686,1456188400,7
4687,1456188406,7
4688,1456188412,7
4689,1456188418,7
4690,1456188424,7
4691,1456188430,7
4692,1456188436,5
4693,1456188442,5
4694,1456188448,5
4695,1456188454,4
4696,1456188460,4
4697,1456188466,4
4698,1456188472,4
4699,1456188478,4
4700,1456188484,4
4701,1456188490,4
4702,1456188496,4
4703,1456188502,4
4704,1456188508,5
4705,1456188514,5
4706,1456188520,5
4707,1456188526,5
4708,1456188532,5
4709,1456188538,5
4710,1456188544,5
4711,1456188550,5
4712,1456188556,5
4713,1456188562,5
4714,1456188568,5
4715,1456188574,5
4716,1456188580,4
4717,1456188586,4
4718,1456188592,4
4719,1456188598,4
4720,1456188604,4
4721,1456188610,4
4722,1456188616,5
4723,1456188622,5
4724,1456188628,4
4725,1456188634,4
4726,1456188640,5
4727,1456188646,5
4728,1456188652,5
4729,1456188658,5
4730,1456188664,5
4731,1456188670,5
4732,1456188676,5
4733,1456188682,5
4734,1456188688,6
4735,1456188694,6
4736,1456188700,5
4737,1456188706,5
4738,1456188712,5
4739,1456188718,5
4740,1456188724,5
4741,1456188730,5
4742,1456188736,5
4743,1456188742,5
4744,1456188748,5
4745,1456188754,6
4746,1456188760,6
4747,1456188766,6
4748,1456188772,6
4749,1456188778,6
4750,1456188784,6
4751,1456188790,6
4752,1456188796,6
4753,1456188802,6
4754,1456188808,6
4755,1456188814,6
4756,1456188820,6
4757,1456188826,6
4758,1456188832,6
4759,1456188838,6
4760,1456188844,6
4761,1456188850,6
4762,1456188856,6
4763,1456188862,6
4764,1456188868,6
4765,1456188874,6
4766,1456188880,5
4767,1456188886,5
4768,1456188892,5
4769,1456188898,5
4770,1456188904,5
4771,1456188910,5
4772,1456188916,5
4773,1456188922,5
4774,1456188928,5
4775,1456188934,5
4776,1456188940,5
4777,1456188946,5
4778,1456188952,5
4779,1456188958,5
4780,1456188964,5
4781,1456188970,5
4782,1456188976,5
4783,1456188982,5
4784,1456188988,4
4785,1456188994,5
4786,1456189000,5
4787,1456189006,5
4788,1456189012,5
4789,1456189018,5
4790,1456189024,5
4791,1456189030,5
4792,1456189036,4
4793,1456189042,4
4794,1456189048,5
4795,1456189054,4
4796,1456189060,5
4797,1456189066,5
4798,1456189072,5
4799,1456189078,5
4800,1456189084,5
4801,1456189090,5
4802,1456189096,5
4803,1456189102,5
4804,1456189108,5
4805,1456189114,5
4806,1456189120,5
4807,1456189126,5
4808,1456189132,5
4809,1456189138,4
4810,1456189144,4
4811,1456189150,4
4812,1456189156,5
4813,1456189162,5
4814,1456189168,5
4815,1456189174,6
4816,1456189180,6
4817,1456189186,6
4818,1456189192,6
4819,1456189198,6
4820,1456189204,6
4821,1456189210,6
4822,1456189216,7
4823,1456189222,7
4824,1456189228,6
4825,1456189234,6
4826,1456189240,5
4827,1456189246,5
4828,1456189252,5
4829,1456189258,5
4830,1456189264,5
4831,1456189270,5
4832,1456189276,3
4833,1456189282,3
4834,1456189288,4
4835,1456189294,4
4836,1456189300,5
4837,1456189306,5
4838,1456189312,5
4839,1456189318,7
4840,1456189324,7
4841,1456189330,7
4842,1456189336,9
4843,1456189342,9
4844,1456189348,14
4845,1456189354,16
4846,1456189360,20
4847,1456189366,20
4848,1456189372,20
4849,1456189378,24
4850,1456189384,24
4851,1456189390,24
4852,1456189396,25
4853,1456189402,25
4854,1456189408,28
4855,1456189414,29
4856,1456189420,33
4857,1456189426,33
4858,1456189432,33
4859,1456189438,35
4860,1456189444,35
4861,1456189450,35
4862,1456189456,36
4863,1456189462,36
4864,1456189468,38
4865,1456189474,39
4866,1456189480,40
4867,1456189486,40
4868,1456189492,40
4869,1456189498,42
4870,1456189504,42
4871,1456189510,42
4872,1456189516,43
4873,1456189522,43
4874,1456189528,44
4875,1456189534,45
4876,1456189540,47
4877,1456189546,47
4878,1456189552,47
4879,1456189558,48
4880,1456189564,48
4881,1456189570,48
4882,1456189576,49
4883,1456189582,49
4884,1456189588,50
4885,1456189594,51
4886,1456189600,53
4887,1456189606,53
4888,1456189612,53
4889,1456189618,54
4890,1456189624,54
4891,1456189630,54
4892,1456189636,54
4893,1456189642,54
4894,1456189648,55
4895,1456189654,55
4896,1456189660,56
4897,1456189666,56
4898,1456189672,56
4899,1456189678,56
4900,1456189684,56
4901,1456189690,56
4902,1456189696,57
4903,1456189702,57
4904,1456189708,57
4905,1456189714,58
4906,1456189720,58
4907,1456189726,58
4908,1456189732,58
4909,1456189738,59
4910,1456189744,59
4911,1456189750,59
4912,1456189756,59
4913,1456189762,59
4914,1456189768,60
4915,1456189774,53
4916,1456189780,53
4917,1456189786,53
4918,1456189792,53
4919,1456189798,54
4920,1456189804,54
4921,1456189810,54
4922,1456189816,54
4923,1456189822,54
4924,1456189828,55
4925,1456189834,63
4926,1456189840,64
4927,1456189846,64
4928,1456189852,64
4929,1456189858,66
4930,1456189864,66
4931,1456189870,66
4932,1456189876,67
4933,1456189882,67
4934,1456189888,68
4935,1456189894,68
4936,1456189900,67
4937,1456189906,67
4938,1456189912,67
4939,1456189918,66
4940,1456189924,66
4941,1456189930,66
4942,1456189936,65
4943,1456189942,65
4944,1456189948,65
4945,1456189954,65
4946,1456189960,67
4947,1456189966,67
4948,1456189972,67
4949,1456189978,58
4950,1456189984,58
4951,1456189990,58
4952,1456189996,59
4953,1456190002,59
4954,1456190008,60
4955,1456190014,60
4956,1456190020,61
4957,1456190026,61
4958,1456190032,61
4959,1456190038,71
4960,1456190044,71
4961,1456190050,71
4962,1456190056,71
4963,1456190062,71
4964,1456190068,71
4965,1456190074,71
4966,1456190080,72
4967,1456190086,72
4968,1456190092,72
4969,1456190098,72
4970,1456190104,72
4971,1456190110,72
4972,1456190116,72
4973,1456190122,72
4974,1456190128,74
4975,1456190134,74
4976,1456190140,75
4977,1456190146,75
4978,1456190152,75
4979,1456190158,63
4980,1456190164,63
4981,1456190170,63
4982,1456190176,64
4983,1456190182,64
4984,1456190188,64
4985,1456190194,64
4986,1456190200,64
4987,1456190206,64
4988,1456190212,64
4989,1456190218,77
4990,1456190224,77
4991,1456190230,77
4992,1456190236,76
4993,1456190242,76
4994,1456190248,76
4995,1456190254,76
4996,1456190260,76
4997,1456190266,76
4998,1456190272,76
4999,1456190278,76
5000,1456190284,76
5001,1456190290,76
5002,1456190296,77
5003,1456190302,77
5004,1456190308,79
5005,1456190314,79
5006,1456190320,64
5007,1456190326,64
5008,1456190332,64
5009,1456190338,64
5010,1456190344,64
5011,1456190350,64
5012,1456190356,65
5013,1456190362,65
5014,1456190368,66
5015,1456190374,66
5016,1456190380,83
5017,1456190386,83
5018,1456190392,83
5019,1456190398,83
5020,1456190404,83
5021,1456190410,83
5022,1456190416,83
5023,1456190422,83
5024,1456190428,83
5025,1456190434,83
5026,1456190440,83
5027,1456190446,83
5028,1456190452,83
5029,1456190458,83
5030,1456190464,83
5031,1456190470,83
5032,1456190476,84
5033,1456190482,84
5034,1456190488,85
5035,1456190494,85
5036,1456190500,64
5037,1456190506,64
5038,1456190512,64
5039,1456190518,64
5040,1456190524,64
5041,1456190530,64
5042,1456190536,65
5043,1456190542,65
5044,1456190548,66
5045,1456190554,66
5046,1456190560,66
5047,1456190566,89
5048,1456190572,89
5049,1456190578,89
5050,1456190584,89
5051,1456190590,89
5052,1456190596,89
5053,1456190602,89
5054,1456190608,89
5055,1456190614,89
5056,1456190620,89
5057,1456190626,89
5058,1456190632,89
5059,1456190638,89
5060,1456190644,89
5061,1456190650,89
5062,1456190656,90
5063,1456190662,90
5064,1456190668,91
5065,1456190674,91
5066,1456190680,91
5067,1456190686,91
5068,1456190692,91
5069,1456190698,91
5070,1456190704,91
5071,1456190710,91
5072,1456190716,61
5073,1456190722,61
5074,1456190728,58
5075,1456190734,58
5076,1456190740,58
5077,1456190746,58
5078,1456190752,58
5079,1456190758,58
5080,1456190764,58
5081,1456190770,58
5082,1456190776,87
5083,1456190782,87
5084,1456190788,0
5085,1456190794,0
5086,1456190800,0
5087,1456190806,0
5088,1456190812,0
5089,1456190818,0
5090,1456190824,0
5091,1456190830,0
5092,1456190836,0
5093,1456190842,0
